-- MySQL dump 10.13  Distrib 8.0.37, for Linux (x86_64)
--
-- Host: localhost    Database: oll_design
-- ------------------------------------------------------
-- Server version	8.0.37-0ubuntu0.22.04.3

/*!40101 SET @OLD_CHARACTER_SET_CLIENT=@@CHARACTER_SET_CLIENT */;
/*!40101 SET @OLD_CHARACTER_SET_RESULTS=@@CHARACTER_SET_RESULTS */;
/*!40101 SET @OLD_COLLATION_CONNECTION=@@COLLATION_CONNECTION */;
/*!50503 SET NAMES utf8mb4 */;
/*!40103 SET @OLD_TIME_ZONE=@@TIME_ZONE */;
/*!40103 SET TIME_ZONE='+00:00' */;
/*!40014 SET @OLD_UNIQUE_CHECKS=@@UNIQUE_CHECKS, UNIQUE_CHECKS=0 */;
/*!40014 SET @OLD_FOREIGN_KEY_CHECKS=@@FOREIGN_KEY_CHECKS, FOREIGN_KEY_CHECKS=0 */;
/*!40101 SET @OLD_SQL_MODE=@@SQL_MODE, SQL_MODE='NO_AUTO_VALUE_ON_ZERO' */;
/*!40111 SET @OLD_SQL_NOTES=@@SQL_NOTES, SQL_NOTES=0 */;

--
-- Table structure for table `failed_jobs`
--

DROP TABLE IF EXISTS `failed_jobs`;
/*!40101 SET @saved_cs_client     = @@character_set_client */;
/*!50503 SET character_set_client = utf8mb4 */;
CREATE TABLE `failed_jobs` (
  `id` bigint unsigned NOT NULL AUTO_INCREMENT,
  `uuid` varchar(255) CHARACTER SET utf8mb4 COLLATE utf8mb4_unicode_ci NOT NULL,
  `connection` text CHARACTER SET utf8mb4 COLLATE utf8mb4_unicode_ci NOT NULL,
  `queue` text CHARACTER SET utf8mb4 COLLATE utf8mb4_unicode_ci NOT NULL,
  `payload` longtext CHARACTER SET utf8mb4 COLLATE utf8mb4_unicode_ci NOT NULL,
  `exception` longtext CHARACTER SET utf8mb4 COLLATE utf8mb4_unicode_ci NOT NULL,
  `failed_at` timestamp NOT NULL DEFAULT CURRENT_TIMESTAMP,
  PRIMARY KEY (`id`),
  UNIQUE KEY `failed_jobs_uuid_unique` (`uuid`)
) ENGINE=InnoDB DEFAULT CHARSET=utf8mb4 COLLATE=utf8mb4_unicode_ci;
/*!40101 SET character_set_client = @saved_cs_client */;

--
-- Dumping data for table `failed_jobs`
--

LOCK TABLES `failed_jobs` WRITE;
/*!40000 ALTER TABLE `failed_jobs` DISABLE KEYS */;
/*!40000 ALTER TABLE `failed_jobs` ENABLE KEYS */;
UNLOCK TABLES;

--
-- Table structure for table `galleries`
--

DROP TABLE IF EXISTS `galleries`;
/*!40101 SET @saved_cs_client     = @@character_set_client */;
/*!50503 SET character_set_client = utf8mb4 */;
CREATE TABLE `galleries` (
  `id` bigint unsigned NOT NULL AUTO_INCREMENT,
  `Name` varchar(100) CHARACTER SET utf8mb4 COLLATE utf8mb4_unicode_ci NOT NULL,
  `City_Name` varchar(100) CHARACTER SET utf8mb4 COLLATE utf8mb4_unicode_ci NOT NULL,
  `Date` date NOT NULL,
  `DescriptionEn` longtext CHARACTER SET utf8mb4 COLLATE utf8mb4_unicode_ci NOT NULL,
  `DescriptionJp` longtext CHARACTER SET utf8mb4 COLLATE utf8mb4_unicode_ci NOT NULL,
  `DescriptionCh` longtext CHARACTER SET utf8mb4 COLLATE utf8mb4_unicode_ci NOT NULL,
  `UpdateByUser` varchar(20) CHARACTER SET utf8mb4 COLLATE utf8mb4_unicode_ci DEFAULT NULL,
  `created_at` timestamp NULL DEFAULT NULL,
  `updated_at` timestamp NULL DEFAULT NULL,
  `WorksTitle` varchar(100) CHARACTER SET utf8mb4 COLLATE utf8mb4_unicode_ci NOT NULL,
  `WorksContent` varchar(100) CHARACTER SET utf8mb4 COLLATE utf8mb4_unicode_ci NOT NULL,
  `WorksCredit` varchar(100) CHARACTER SET utf8mb4 COLLATE utf8mb4_unicode_ci NOT NULL,
  `WorksClient` varchar(100) CHARACTER SET utf8mb4 COLLATE utf8mb4_unicode_ci NOT NULL,
  `TagsID` varchar(100) CHARACTER SET utf8mb4 COLLATE utf8mb4_unicode_ci NOT NULL,
  PRIMARY KEY (`id`)
) ENGINE=InnoDB AUTO_INCREMENT=57 DEFAULT CHARSET=utf8mb4 COLLATE=utf8mb4_unicode_ci;
/*!40101 SET character_set_client = @saved_cs_client */;

--
-- Dumping data for table `galleries`
--

LOCK TABLES `galleries` WRITE;
/*!40000 ALTER TABLE `galleries` DISABLE KEYS */;
INSERT INTO `galleries` VALUES (13,'Ganko Dotombori','Kyoto','2023-11-22','Lorem ipsum dolor sit amet, consectetuer adipiscing elit, sed diam nonummy nibh euismod tincidunt ut laoreet dolore magna aliquam erat volutpat. Ut wisi enim ad minim veniam, quis nostrud exerci tation ullamcorper suscipit lobortis nisl ut aliquip ex ea commodo consequat. Duis autem vel eum iriure dolor in hendrerit in vulputate velit esse molestie consequat, vel illum dolore eu feugiat nulla facilisis at vero eros et accumsan et iusto odio dignissim qui blandit praesent luptatum zzril delenit augue duis dolore te feugait nulla facilisi. Lorem ipsum dolor sit amet, cons ectetuer adipiscing elit, sed diam nonummy nibh euismod tincidunt ut laoreet dolore magna aliquam erat volutpat. Ut wisi enim ad minim veniam, quis nostrud exerci tation ullamcorper suscipit lobortis nisl ut aliquip ex ea commodo consequat. Lorem ipsum dolor sit amet, consectetuer adipiscing elit, sed diam nonummy nibh euismod tincidunt ut laoreet dolore magna aliquam erat volutpat. Ut wisi enim ad minim veniam, quis','ローレム Lorem ipsum dolor sit amet, consectetuer adipiscing elit, sed diam nonummy nibh euismod tincidunt ut laoreet dolore magna aliquam erat volutpat. Ut wisi enim ad minim veniam, quis nostrud exerci tation ullamcorper suscipit lobortis nisl ut aliquip ex ea commodo consequat. Duis autem vel eum iriure dolor in hendrerit in vulputate velit esse molestie consequat, vel illum dolore eu feugiat nulla facilisis at vero eros et accumsan et iusto odio dignissim qui blandit praesent luptatum zzril delenit augue duis dolore te feugait nulla facilisi. Lorem ipsum dolor sit amet, cons ectetuer adipiscing elit, sed diam nonummy nibh euismod tincidunt ut laoreet dolore magna aliquam erat volutpat. Ut wisi enim ad minim veniam, quis nostrud exerci tation ullamcorper suscipit lobortis nisl ut aliquip ex ea commodo consequat. Lorem ipsum dolor sit amet, consectetuer adipiscing elit, sed diam nonummy nibh euismod tincidunt ut laoreet dolore magna aliquam erat volutpat. Ut wisi enim ad minim veniam, quis','洛雷姆 Lorem ipsum dolor sit amet, consectetuer adipiscing elit, sed diam nonummy nibh euismod tincidunt ut laoreet dolore magna aliquam erat volutpat. Ut wisi enim ad minim veniam, quis nostrud exerci tation ullamcorper suscipit lobortis nisl ut aliquip ex ea commodo consequat. Duis autem vel eum iriure dolor in hendrerit in vulputate velit esse molestie consequat, vel illum dolore eu feugiat nulla facilisis at vero eros et accumsan et iusto odio dignissim qui blandit praesent luptatum zzril delenit augue duis dolore te feugait nulla facilisi. Lorem ipsum dolor sit amet, cons ectetuer adipiscing elit, sed diam nonummy nibh euismod tincidunt ut laoreet dolore magna aliquam erat volutpat. Ut wisi enim ad minim veniam, quis nostrud exerci tation ullamcorper suscipit lobortis nisl ut aliquip ex ea commodo consequat. Lorem ipsum dolor sit amet, consectetuer adipiscing elit, sed diam nonummy nibh euismod tincidunt ut laoreet dolore magna aliquam erat volutpat. Ut wisi enim ad minim veniam, quis',NULL,'2023-11-27 06:40:12','2023-12-10 06:03:18','Theresia','Content Theresia','James','Poul','2'),(14,'Shinobu-an Ario Otori','Fukushima','2023-11-22','Lorem ipsum dolor sit amet, consectetuer adipiscing elit, sed diam nonummy nibh euismod tincidunt ut laoreet dolore magna aliquam erat volutpat. Ut wisi enim ad minim veniam, quis nostrud exerci tation ullamcorper suscipit lobortis nisl ut aliquip ex ea commodo consequat. Duis autem vel eum iriure dolor in hendrerit in vulputate velit esse molestie consequat, vel illum dolore eu feugiat nulla facilisis at vero eros et accumsan et iusto odio dignissim qui blandit praesent luptatum zzril delenit augue duis dolore te feugait nulla facilisi. Lorem ipsum dolor sit amet, cons ectetuer adipiscing elit, sed diam nonummy nibh euismod tincidunt ut laoreet dolore magna aliquam erat volutpat. Ut wisi enim ad minim veniam, quis nostrud exerci tation ullamcorper suscipit lobortis nisl ut aliquip ex ea commodo consequat. Lorem ipsum dolor sit amet, consectetuer adipiscing elit, sed diam nonummy nibh euismod tincidunt ut laoreet dolore magna aliquam erat volutpat. Ut wisi enim ad minim veniam, quis','ローレム Lorem ipsum dolor sit amet, consectetuer adipiscing elit, sed diam nonummy nibh euismod tincidunt ut laoreet dolore magna aliquam erat volutpat. Ut wisi enim ad minim veniam, quis nostrud exerci tation ullamcorper suscipit lobortis nisl ut aliquip ex ea commodo consequat. Duis autem vel eum iriure dolor in hendrerit in vulputate velit esse molestie consequat, vel illum dolore eu feugiat nulla facilisis at vero eros et accumsan et iusto odio dignissim qui blandit praesent luptatum zzril delenit augue duis dolore te feugait nulla facilisi. Lorem ipsum dolor sit amet, cons ectetuer adipiscing elit, sed diam nonummy nibh euismod tincidunt ut laoreet dolore magna aliquam erat volutpat. Ut wisi enim ad minim veniam, quis nostrud exerci tation ullamcorper suscipit lobortis nisl ut aliquip ex ea commodo consequat. Lorem ipsum dolor sit amet, consectetuer adipiscing elit, sed diam nonummy nibh euismod tincidunt ut laoreet dolore magna aliquam erat volutpat. Ut wisi enim ad minim veniam, quis','洛雷姆 Lorem ipsum dolor sit amet, consectetuer adipiscing elit, sed diam nonummy nibh euismod tincidunt ut laoreet dolore magna aliquam erat volutpat. Ut wisi enim ad minim veniam, quis nostrud exerci tation ullamcorper suscipit lobortis nisl ut aliquip ex ea commodo consequat. Duis autem vel eum iriure dolor in hendrerit in vulputate velit esse molestie consequat, vel illum dolore eu feugiat nulla facilisis at vero eros et accumsan et iusto odio dignissim qui blandit praesent luptatum zzril delenit augue duis dolore te feugait nulla facilisi. Lorem ipsum dolor sit amet, cons ectetuer adipiscing elit, sed diam nonummy nibh euismod tincidunt ut laoreet dolore magna aliquam erat volutpat. Ut wisi enim ad minim veniam, quis nostrud exerci tation ullamcorper suscipit lobortis nisl ut aliquip ex ea commodo consequat. Lorem ipsum dolor sit amet, consectetuer adipiscing elit, sed diam nonummy nibh euismod tincidunt ut laoreet dolore magna aliquam erat volutpat. Ut wisi enim ad minim veniam, quis',NULL,'2023-11-27 06:56:08','2023-12-10 06:03:27','Immanuel','Content Immanuel','Grace','Miska','1'),(15,'Onihei Korokke','Kyoto','2024-11-22','Lorem ipsum dolor sit amet, consectetuer adipiscing elit, sed diam nonummy nibh euismod tincidunt ut laoreet dolore magna aliquam erat volutpat. Ut wisi enim ad minim veniam, quis nostrud exerci tation ullamcorper suscipit lobortis nisl ut aliquip ex ea commodo consequat. Duis autem vel eum iriure dolor in hendrerit in vulputate velit esse molestie consequat, vel illum dolore eu feugiat nulla facilisis at vero eros et accumsan et iusto odio dignissim qui blandit praesent luptatum zzril delenit augue duis dolore te feugait nulla facilisi. Lorem ipsum dolor sit amet, cons ectetuer adipiscing elit, sed diam nonummy nibh euismod tincidunt ut laoreet dolore magna aliquam erat volutpat. Ut wisi enim ad minim veniam, quis nostrud exerci tation ullamcorper suscipit lobortis nisl ut aliquip ex ea commodo consequat. Lorem ipsum dolor sit amet, consectetuer adipiscing elit, sed diam nonummy nibh euismod tincidunt ut laoreet dolore magna aliquam erat volutpat. Ut wisi enim ad minim veniam, quis','ローレム Lorem ipsum dolor sit amet, consectetuer adipiscing elit, sed diam nonummy nibh euismod tincidunt ut laoreet dolore magna aliquam erat volutpat. Ut wisi enim ad minim veniam, quis nostrud exerci tation ullamcorper suscipit lobortis nisl ut aliquip ex ea commodo consequat. Duis autem vel eum iriure dolor in hendrerit in vulputate velit esse molestie consequat, vel illum dolore eu feugiat nulla facilisis at vero eros et accumsan et iusto odio dignissim qui blandit praesent luptatum zzril delenit augue duis dolore te feugait nulla facilisi. Lorem ipsum dolor sit amet, cons ectetuer adipiscing elit, sed diam nonummy nibh euismod tincidunt ut laoreet dolore magna aliquam erat volutpat. Ut wisi enim ad minim veniam, quis nostrud exerci tation ullamcorper suscipit lobortis nisl ut aliquip ex ea commodo consequat. Lorem ipsum dolor sit amet, consectetuer adipiscing elit, sed diam nonummy nibh euismod tincidunt ut laoreet dolore magna aliquam erat volutpat. Ut wisi enim ad minim veniam, quis','洛雷姆 Lorem ipsum dolor sit amet, consectetuer adipiscing elit, sed diam nonummy nibh euismod tincidunt ut laoreet dolore magna aliquam erat volutpat. Ut wisi enim ad minim veniam, quis nostrud exerci tation ullamcorper suscipit lobortis nisl ut aliquip ex ea commodo consequat. Duis autem vel eum iriure dolor in hendrerit in vulputate velit esse molestie consequat, vel illum dolore eu feugiat nulla facilisis at vero eros et accumsan et iusto odio dignissim qui blandit praesent luptatum zzril delenit augue duis dolore te feugait nulla facilisi. Lorem ipsum dolor sit amet, cons ectetuer adipiscing elit, sed diam nonummy nibh euismod tincidunt ut laoreet dolore magna aliquam erat volutpat. Ut wisi enim ad minim veniam, quis nostrud exerci tation ullamcorper suscipit lobortis nisl ut aliquip ex ea commodo consequat. Lorem ipsum dolor sit amet, consectetuer adipiscing elit, sed diam nonummy nibh euismod tincidunt ut laoreet dolore magna aliquam erat volutpat. Ut wisi enim ad minim veniam, quis',NULL,'2023-11-27 07:00:02','2023-12-10 06:03:36','Bayukarta','Content Bayukarta','Nia','Milla','1'),(16,'Nanpu Miyanishi','Fukushima','2023-11-22','Lorem ipsum dolor sit amet, consectetuer adipiscing elit, sed diam nonummy nibh euismod tincidunt ut laoreet dolore magna aliquam erat volutpat. Ut wisi enim ad minim veniam, quis nostrud exerci tation ullamcorper suscipit lobortis nisl ut aliquip ex ea commodo consequat. Duis autem vel eum iriure dolor in hendrerit in vulputate velit esse molestie consequat, vel illum dolore eu feugiat nulla facilisis at vero eros et accumsan et iusto odio dignissim qui blandit praesent luptatum zzril delenit augue duis dolore te feugait nulla facilisi. Lorem ipsum dolor sit amet, cons ectetuer adipiscing elit, sed diam nonummy nibh euismod tincidunt ut laoreet dolore magna aliquam erat volutpat. Ut wisi enim ad minim veniam, quis nostrud exerci tation ullamcorper suscipit lobortis nisl ut aliquip ex ea commodo consequat. Lorem ipsum dolor sit amet, consectetuer adipiscing elit, sed diam nonummy nibh euismod tincidunt ut laoreet dolore magna aliquam erat volutpat. Ut wisi enim ad minim veniam, quis','ローレム Lorem ipsum dolor sit amet, consectetuer adipiscing elit, sed diam nonummy nibh euismod tincidunt ut laoreet dolore magna aliquam erat volutpat. Ut wisi enim ad minim veniam, quis nostrud exerci tation ullamcorper suscipit lobortis nisl ut aliquip ex ea commodo consequat. Duis autem vel eum iriure dolor in hendrerit in vulputate velit esse molestie consequat, vel illum dolore eu feugiat nulla facilisis at vero eros et accumsan et iusto odio dignissim qui blandit praesent luptatum zzril delenit augue duis dolore te feugait nulla facilisi. Lorem ipsum dolor sit amet, cons ectetuer adipiscing elit, sed diam nonummy nibh euismod tincidunt ut laoreet dolore magna aliquam erat volutpat. Ut wisi enim ad minim veniam, quis nostrud exerci tation ullamcorper suscipit lobortis nisl ut aliquip ex ea commodo consequat. Lorem ipsum dolor sit amet, consectetuer adipiscing elit, sed diam nonummy nibh euismod tincidunt ut laoreet dolore magna aliquam erat volutpat. Ut wisi enim ad minim veniam, quis','洛雷姆 Lorem ipsum dolor sit amet, consectetuer adipiscing elit, sed diam nonummy nibh euismod tincidunt ut laoreet dolore magna aliquam erat volutpat. Ut wisi enim ad minim veniam, quis nostrud exerci tation ullamcorper suscipit lobortis nisl ut aliquip ex ea commodo consequat. Duis autem vel eum iriure dolor in hendrerit in vulputate velit esse molestie consequat, vel illum dolore eu feugiat nulla facilisis at vero eros et accumsan et iusto odio dignissim qui blandit praesent luptatum zzril delenit augue duis dolore te feugait nulla facilisi. Lorem ipsum dolor sit amet, cons ectetuer adipiscing elit, sed diam nonummy nibh euismod tincidunt ut laoreet dolore magna aliquam erat volutpat. Ut wisi enim ad minim veniam, quis nostrud exerci tation ullamcorper suscipit lobortis nisl ut aliquip ex ea commodo consequat. Lorem ipsum dolor sit amet, consectetuer adipiscing elit, sed diam nonummy nibh euismod tincidunt ut laoreet dolore magna aliquam erat volutpat. Ut wisi enim ad minim veniam, quis',NULL,'2023-11-27 07:15:28','2023-12-10 06:03:45','Saras','Content Saras','Luis','Vero','2'),(38,'NEXTSHIKAKU','Bekasi','2022-01-01','Lorem ipsum dolor sit amet, consectetuer adipiscing elit, sed diam nonummy nibh euismod tincidunt ut laoreet dolore magna aliquam erat volutpat. Ut wisi enim ad minim veniam, quis nostrud exerci tation ullamcorper suscipit lobortis nisl ut aliquip ex ea commodo consequat. Duis autem vel eum iriure dolor in hendrerit in vulputate velit esse molestie consequat, vel illum dolore eu feugiat nulla facilisis at vero eros et accumsan et iusto odio dignissim qui blandit praesent luptatum zzril delenit augue duis dolore te feugait nulla facilisi. Lorem ipsum dolor sit amet, cons ectetuer adipiscing elit, sed diam nonummy nibh euismod tincidunt ut laoreet dolore magna aliquam erat volutpat. Ut wisi enim ad minim veniam, quis nostrud exerci tation ullamcorper suscipit lobortis nisl ut aliquip ex ea commodo consequat. Lorem ipsum dolor sit amet, consectetuer adipiscing elit, sed diam nonummy nibh euismod tincidunt ut laoreet dolore magna aliquam erat volutpat. Ut wisi enim ad minim veniam, quis','eventForm国コキ手成リヌサ藤設自ゃ意厚ノイヱサ変終ずはだば賀型ーぜみ察協ユ貧旅レすド援超らぜ隊求ソ頭情るぽ座不細堪いさば。用は読辞ーフラ担3周3江ヒヤネア調指キナ責障おてトち掲種メサ著節フラ著98提ヨルエタ必企ナルニ英9同やへっ報火違埋詰フら。実真化ぱたぎに殺著置ワア円縦れげ条百つトぶぐ写条トえは外割ウメマナ記問て予能一クツ立年もてむ政淳旅ケネ高時95雑済っ型領キスナメ覇雪ドレ。\n\n80目クナライ持集っげ理約4岡スンド戦取ばク彫載ぞしわゆ安北お史破論性ヨイヲカ日新リでえま著新急せを。能ユヱ万53報次とこえ囲示るだい下明メ野点論びごなぶ党諭ヱユサ総属らよどす臓宿ニウソサ功以わぐ活食イ紙紀はルいク旅僕滞硬いぎ。電夜オヒ事球げ戸待スでな属耗リこむげ効郎企ヘラ谷54近ア首大タ港厳挙カ全9辻しん松崩ヲナキア軍内チテミメ好優ヌ向後配早元さひく。\n\n全りがお逆少やっ員担葬ヒ渉号っド関新ロヌヘ東法むげゃ局民ワ県睾ヌフムテ垣追よゃつル料53広ドる白談首なクねだ。広望つひょで得転ごはばじ所面ノハセイ負着フ信庵なやきず員需ずほを月覚ツヘ載禁ニウレ称最ゃ意生カユ提決8技テヤ気韓的地再汚ぱ。断っれ掲月ヲ赤8際ふ岡記8発は家北ほ直聞カエ場世口ラきレほ作5派セ禁従モ応紙うめこ噌王チツ動同ルユイ政意ひそン。\n\n報ヱニス断円別払れ携国いょみ定指コトモ面航協フ雪覧もレせ証細ノヲ心空アユ強況リ覚個どぶ動手トマユ供参にあ除8受ずねらッ。行7伝済ほ部藤界候ぱかみま剛環たいな芸団れ開旭ぱ新解み注6早モヲ必34一イホ積合スフ今止ぐゃち介騰稿よゆト会供費経トとや。展オコ他統ヘロニ商視チ車根コ要陽ニヱ継暮野ケス八医せクげト抜神ケ田例し卓約スうょげ典2助転趣一う。\n\n構モ鉄談ヒ地箱マキラ悲彩マ大専とびぐ掲白ッ告表病せびは葬経ンむとけ成83困摘94場よほル向収でゃてけ作点く信紛誓靖げざる。経ばじ勝者ど毎6発博ラぱ客値木モヲ考沼テモ教阪や寄展ドらすま撃意ッぴゆ委帯導議ムユカ速撃リセエ問揮まかお闘朝冒どき。流ヘクヌキ国記ユオ求女ネ学指ぞえ予覚ヘトレ投界択アウ提巻リんぱく所初ラ落治ヤ年公直はねぽ本去いら募意盤逮つかスび。\n\n政シミ壊択ドけふ間出ク作刻セノ足図レキ剛理観分ヱウミヨ窃経そ全円ケ単校消しゆ味方国度ょべぐさ始払メ難題ふく謙場ノ医商乱帰ゅぜり。抑ぜご児56倫59方る軽法るだトば欺禁ヤコ電毎たざ出公百ざ任21禁ケハマエ政越以らむド告億ン。57前ツフ闘通犯エタロ区受話トム碁本ゃせ写異ゅず来術ぶま来事ユカ禁毎びル横終タユウ正賞ほきゆず勢山ナ市掲ぐるぞ祭置さきね。\n\n初ノモアカ謙球ラヱト言式天そ達6百ケヨ若因ろとド事芸勝ワヌエ要紀シエオス気績痛リモメヨ議89主ムヲ嫁内ン球面ひ。83計ちがぼ勢基エツクモ惑玲えばおで第回リりづぐ晴客に賞第ソフカ部射ニロヒ伸詳ぴく品原ぴ稿解32彰もへわづ頼次ワヒ重位年侑いおの。言ルカク重材協ら虫検トタレハ国中じや近土導拍おぐら地慮ちがけ精波雪ヱカノ落野あょざゃ区大5無のひ転剤ぱ及予エハ参輪なク成壌ぐこさト。\n\n陣ばドん様作影リ社候ヱヘワキ阪長が督政ツホヒオ楽囚成ミニ間道に円条芸せぴりト知事キヨ殺内がぜ。遺げてべル雑知ミムオサ融動で施造り男感ぴ歌94反ハミ判突ぎさラを謄進展ねびむー判説ば棋9肉セモマ来53滅ヨ数柴クメイ現雪スワヒロ行未踊興刃尿かルびむ。7無く家囲総ろにとぜ暖夢れイぐを成務ヘエフロ西際健イせク応24稲んにおッ利政ょけど属玉ムフコス力整町ぶわゆ聞者ユルワ罰新エレハテ開端あれぴ。\n\n聞そめむは情策ワ民禁ふけと主引レラン二暮アルコ凸重確きぽら社19性フざさ申新厚て坂山もぼず飽治どは鹿番演丹庄そンほば。金レごれ除申ワシタヱ置均た省活ル靖菱ねほふと四野イ動仲再アホ商芸やじそ牡根ネカケ州力マメ道刊ソヲ体一オ町太カ三覧ヨ免般食東ク。推泳キオモ観稿じぴき保衆リー写63前1風ストふ悪夫ムヨワ弁進ムタ校武沿謝列岸概こ。\n\n芸セクムヒ発格と全30訪ネヌ聞正エヱ国聞告レラケ慮球モラヱヘ深新つりそが均共目名ワ己数うはだむ屋徳十ざゆ。入ヲテセト身法ぴかる味氏ホ右森就こへに動都ケヌモル日義ゃばラン政兵わおて愛野クほ宏純ホア参3性ま異程し立面むざ空務さ笛特業モ一73亭匠ぞぴゆ。喜タ国児負ど目更術ヲ最鮮せをま一湿以ト用型きぱぼ野選ヨル将平成ラ撃3火ぱイど。','洛伦·伊普瑟姆·多洛尔·西特·阿梅特，康塞克图尔·阿迪皮斯辛·埃利特，赛德·迪阿姆·诺纳米·尼布·埃维斯莫德·廷辛顿特·乌特·拉奥雷特·多洛尔·马格纳·阿利卡姆·埃拉特·沃尔普塔特。乌特·威西·艾尼姆·阿德·米尼姆·维尼亚姆，奎斯·诺斯特鲁德·埃克瑟西·塔提翁·乌拉姆科尔佩尔·苏斯皮特·洛博里蒂斯·尼斯尔·乌特·阿利奎普·艾克斯·艾娅·科莫多·康塞库阿特。杜伊斯·奥特姆·维尔·埃姆·伊里乌雷·多洛尔·因·亨德勒里特·因·乌尔普图阿特·维利特·埃塞·莫莱斯蒂埃·康塞库阿特，维尔·伊拉姆·多洛尔·艾尤·福盖特·努拉·法西利西斯·阿特·维罗·埃罗斯·埃特·阿库姆桑·埃特·尤斯托·奥迪奥·迪格尼西姆·奎·布兰迪特·普雷森特·卢普塔图姆·兹里尔·德莱尼特·奥古·杜伊斯·多洛尔·特·福盖特·努拉·法西利西。洛伦·伊普瑟姆·多洛尔·西特·阿梅特，康塞克图尔·阿迪皮斯辛·埃利特，赛德·迪阿姆·诺纳米·尼布·埃维斯莫德·廷辛顿特·乌特·拉奥雷特·多洛尔·马格纳·阿利卡姆·埃拉特·沃尔普塔特。乌特·威西·艾尼姆·阿德·米尼姆·维尼亚姆，奎斯·诺斯特鲁德·埃克瑟西·塔提翁·乌拉姆科尔佩尔·苏斯皮特·洛博里蒂斯·尼斯尔·乌特·阿利奎普·艾克斯·艾娅·科莫多·康塞库阿特。洛伦·伊普瑟姆·多洛尔·西特·阿梅特，康塞克图尔·阿迪皮斯辛·埃利特，赛德·迪阿姆·诺纳米·尼布·埃维斯莫德·廷辛顿特·乌特·拉奥雷特·多洛尔·马格纳·阿利卡姆·埃拉特·沃尔普塔特。乌特·威西·艾尼姆·阿德·米尼姆·维尼亚姆，奎斯','admin','2024-06-13 10:53:31','2024-06-13 10:53:31','NEXTSHIKAKU','NEXTSHIKAKU Content','James Bond','Budi','4'),(39,'PILATES AXE CHIBA STORE','Bekasi','2022-01-01','Lorem ipsum dolor sit amet, consectetuer adipiscing elit, sed diam nonummy nibh euismod tincidunt ut laoreet dolore magna aliquam erat volutpat. Ut wisi enim ad minim veniam, quis nostrud exerci tation ullamcorper suscipit lobortis nisl ut aliquip ex ea commodo consequat. Duis autem vel eum iriure dolor in hendrerit in vulputate velit esse molestie consequat, vel illum dolore eu feugiat nulla facilisis at vero eros et accumsan et iusto odio dignissim qui blandit praesent luptatum zzril delenit augue duis dolore te feugait nulla facilisi. Lorem ipsum dolor sit amet, cons ectetuer adipiscing elit, sed diam nonummy nibh euismod tincidunt ut laoreet dolore magna aliquam erat volutpat. Ut wisi enim ad minim veniam, quis nostrud exerci tation ullamcorper suscipit lobortis nisl ut aliquip ex ea commodo consequat. Lorem ipsum dolor sit amet, consectetuer adipiscing elit, sed diam nonummy nibh euismod tincidunt ut laoreet dolore magna aliquam erat volutpat. Ut wisi enim ad minim veniam, quis','国コキ手成リヌサ藤設自ゃ意厚ノイヱサ変終ずはだば賀型ーぜみ察協ユ貧旅レすド援超らぜ隊求ソ頭情るぽ座不細堪いさば。用は読辞ーフラ担3周3江ヒヤネア調指キナ責障おてトち掲種メサ著節フラ著98提ヨルエタ必企ナルニ英9同やへっ報火違埋詰フら。実真化ぱたぎに殺著置ワア円縦れげ条百つトぶぐ写条トえは外割ウメマナ記問て予能一クツ立年もてむ政淳旅ケネ高時95雑済っ型領キスナメ覇雪ドレ。\n\n80目クナライ持集っげ理約4岡スンド戦取ばク彫載ぞしわゆ安北お史破論性ヨイヲカ日新リでえま著新急せを。能ユヱ万53報次とこえ囲示るだい下明メ野点論びごなぶ党諭ヱユサ総属らよどす臓宿ニウソサ功以わぐ活食イ紙紀はルいク旅僕滞硬いぎ。電夜オヒ事球げ戸待スでな属耗リこむげ効郎企ヘラ谷54近ア首大タ港厳挙カ全9辻しん松崩ヲナキア軍内チテミメ好優ヌ向後配早元さひく。\n\n全りがお逆少やっ員担葬ヒ渉号っド関新ロヌヘ東法むげゃ局民ワ県睾ヌフムテ垣追よゃつル料53広ドる白談首なクねだ。広望つひょで得転ごはばじ所面ノハセイ負着フ信庵なやきず員需ずほを月覚ツヘ載禁ニウレ称最ゃ意生カユ提決8技テヤ気韓的地再汚ぱ。断っれ掲月ヲ赤8際ふ岡記8発は家北ほ直聞カエ場世口ラきレほ作5派セ禁従モ応紙うめこ噌王チツ動同ルユイ政意ひそン。\n\n報ヱニス断円別払れ携国いょみ定指コトモ面航協フ雪覧もレせ証細ノヲ心空アユ強況リ覚個どぶ動手トマユ供参にあ除8受ずねらッ。行7伝済ほ部藤界候ぱかみま剛環たいな芸団れ開旭ぱ新解み注6早モヲ必34一イホ積合スフ今止ぐゃち介騰稿よゆト会供費経トとや。展オコ他統ヘロニ商視チ車根コ要陽ニヱ継暮野ケス八医せクげト抜神ケ田例し卓約スうょげ典2助転趣一う。\n\n構モ鉄談ヒ地箱マキラ悲彩マ大専とびぐ掲白ッ告表病せびは葬経ンむとけ成83困摘94場よほル向収でゃてけ作点く信紛誓靖げざる。経ばじ勝者ど毎6発博ラぱ客値木モヲ考沼テモ教阪や寄展ドらすま撃意ッぴゆ委帯導議ムユカ速撃リセエ問揮まかお闘朝冒どき。流ヘクヌキ国記ユオ求女ネ学指ぞえ予覚ヘトレ投界択アウ提巻リんぱく所初ラ落治ヤ年公直はねぽ本去いら募意盤逮つかスび。\n\n政シミ壊択ドけふ間出ク作刻セノ足図レキ剛理観分ヱウミヨ窃経そ全円ケ単校消しゆ味方国度ょべぐさ始払メ難題ふく謙場ノ医商乱帰ゅぜり。抑ぜご児56倫59方る軽法るだトば欺禁ヤコ電毎たざ出公百ざ任21禁ケハマエ政越以らむド告億ン。57前ツフ闘通犯エタロ区受話トム碁本ゃせ写異ゅず来術ぶま来事ユカ禁毎びル横終タユウ正賞ほきゆず勢山ナ市掲ぐるぞ祭置さきね。\n\n初ノモアカ謙球ラヱト言式天そ達6百ケヨ若因ろとド事芸勝ワヌエ要紀シエオス気績痛リモメヨ議89主ムヲ嫁内ン球面ひ。83計ちがぼ勢基エツクモ惑玲えばおで第回リりづぐ晴客に賞第ソフカ部射ニロヒ伸詳ぴく品原ぴ稿解32彰もへわづ頼次ワヒ重位年侑いおの。言ルカク重材協ら虫検トタレハ国中じや近土導拍おぐら地慮ちがけ精波雪ヱカノ落野あょざゃ区大5無のひ転剤ぱ及予エハ参輪なク成壌ぐこさト。\n\n陣ばドん様作影リ社候ヱヘワキ阪長が督政ツホヒオ楽囚成ミニ間道に円条芸せぴりト知事キヨ殺内がぜ。遺げてべル雑知ミムオサ融動で施造り男感ぴ歌94反ハミ判突ぎさラを謄進展ねびむー判説ば棋9肉セモマ来53滅ヨ数柴クメイ現雪スワヒロ行未踊興刃尿かルびむ。7無く家囲総ろにとぜ暖夢れイぐを成務ヘエフロ西際健イせク応24稲んにおッ利政ょけど属玉ムフコス力整町ぶわゆ聞者ユルワ罰新エレハテ開端あれぴ。\n\n聞そめむは情策ワ民禁ふけと主引レラン二暮アルコ凸重確きぽら社19性フざさ申新厚て坂山もぼず飽治どは鹿番演丹庄そンほば。金レごれ除申ワシタヱ置均た省活ル靖菱ねほふと四野イ動仲再アホ商芸やじそ牡根ネカケ州力マメ道刊ソヲ体一オ町太カ三覧ヨ免般食東ク。推泳キオモ観稿じぴき保衆リー写63前1風ストふ悪夫ムヨワ弁進ムタ校武沿謝列岸概こ。\n\n芸セクムヒ発格と全30訪ネヌ聞正エヱ国聞告レラケ慮球モラヱヘ深新つりそが均共目名ワ己数うはだむ屋徳十ざゆ。入ヲテセト身法ぴかる味氏ホ右森就こへに動都ケヌモル日義ゃばラン政兵わおて愛野クほ宏純ホア参3性ま異程し立面むざ空務さ笛特業モ一73亭匠ぞぴゆ。喜タ国児負ど目更術ヲ最鮮せをま一湿以ト用型きぱぼ野選ヨル将平成ラ撃3火ぱイど。','洛伦·伊普瑟姆·多洛尔·西特·阿梅特，康塞克图尔·阿迪皮斯辛·埃利特，赛德·迪阿姆·诺纳米·尼布·埃维斯莫德·廷辛顿特·乌特·拉奥雷特·多洛尔·马格纳·阿利卡姆·埃拉特·沃尔普塔特。乌特·威西·艾尼姆·阿德·米尼姆·维尼亚姆，奎斯·诺斯特鲁德·埃克瑟西·塔提翁·乌拉姆科尔佩尔·苏斯皮特·洛博里蒂斯·尼斯尔·乌特·阿利奎普·艾克斯·艾娅·科莫多·康塞库阿特。杜伊斯·奥特姆·维尔·埃姆·伊里乌雷·多洛尔·因·亨德勒里特·因·乌尔普图阿特·维利特·埃塞·莫莱斯蒂埃·康塞库阿特，维尔·伊拉姆·多洛尔·艾尤·福盖特·努拉·法西利西斯·阿特·维罗·埃罗斯·埃特·阿库姆桑·埃特·尤斯托·奥迪奥·迪格尼西姆·奎·布兰迪特·普雷森特·卢普塔图姆·兹里尔·德莱尼特·奥古·杜伊斯·多洛尔·特·福盖特·努拉·法西利西。洛伦·伊普瑟姆·多洛尔·西特·阿梅特，康塞克图尔·阿迪皮斯辛·埃利特，赛德·迪阿姆·诺纳米·尼布·埃维斯莫德·廷辛顿特·乌特·拉奥雷特·多洛尔·马格纳·阿利卡姆·埃拉特·沃尔普塔特。乌特·威西·艾尼姆·阿德·米尼姆·维尼亚姆，奎斯·诺斯特鲁德·埃克瑟西·塔提翁·乌拉姆科尔佩尔·苏斯皮特·洛博里蒂斯·尼斯尔·乌特·阿利奎普·艾克斯·艾娅·科莫多·康塞库阿特。洛伦·伊普瑟姆·多洛尔·西特·阿梅特，康塞克图尔·阿迪皮斯辛·埃利特，赛德·迪阿姆·诺纳米·尼布·埃维斯莫德·廷辛顿特·乌特·拉奥雷特·多洛尔·马格纳·阿利卡姆·埃拉特·沃尔普塔特。乌特·威西·艾尼姆·阿德·米尼姆·维尼亚姆，奎斯','admin','2024-06-13 11:00:15','2024-06-13 11:00:15','NEXTSHIKAKU','NEXTSHIKAKU Content','James Bond','Budi','4'),(40,'PILATES AXE ESAKA STORE','Fukushima','2022-01-01','Lorem ipsum dolor sit amet, consectetuer adipiscing elit, sed diam nonummy nibh euismod tincidunt ut laoreet dolore magna aliquam erat volutpat. Ut wisi enim ad minim veniam, quis nostrud exerci tation ullamcorper suscipit lobortis nisl ut aliquip ex ea commodo consequat. Duis autem vel eum iriure dolor in hendrerit in vulputate velit esse molestie consequat, vel illum dolore eu feugiat nulla facilisis at vero eros et accumsan et iusto odio dignissim qui blandit praesent luptatum zzril delenit augue duis dolore te feugait nulla facilisi. Lorem ipsum dolor sit amet, cons ectetuer adipiscing elit, sed diam nonummy nibh euismod tincidunt ut laoreet dolore magna aliquam erat volutpat. Ut wisi enim ad minim veniam, quis nostrud exerci tation ullamcorper suscipit lobortis nisl ut aliquip ex ea commodo consequat. Lorem ipsum dolor sit amet, consectetuer adipiscing elit, sed diam nonummy nibh euismod tincidunt ut laoreet dolore magna aliquam erat volutpat. Ut wisi enim ad minim veniam, quis','国コキ手成リヌサ藤設自ゃ意厚ノイヱサ変終ずはだば賀型ーぜみ察協ユ貧旅レすド援超らぜ隊求ソ頭情るぽ座不細堪いさば。用は読辞ーフラ担3周3江ヒヤネア調指キナ責障おてトち掲種メサ著節フラ著98提ヨルエタ必企ナルニ英9同やへっ報火違埋詰フら。実真化ぱたぎに殺著置ワア円縦れげ条百つトぶぐ写条トえは外割ウメマナ記問て予能一クツ立年もてむ政淳旅ケネ高時95雑済っ型領キスナメ覇雪ドレ。\n\n80目クナライ持集っげ理約4岡スンド戦取ばク彫載ぞしわゆ安北お史破論性ヨイヲカ日新リでえま著新急せを。能ユヱ万53報次とこえ囲示るだい下明メ野点論びごなぶ党諭ヱユサ総属らよどす臓宿ニウソサ功以わぐ活食イ紙紀はルいク旅僕滞硬いぎ。電夜オヒ事球げ戸待スでな属耗リこむげ効郎企ヘラ谷54近ア首大タ港厳挙カ全9辻しん松崩ヲナキア軍内チテミメ好優ヌ向後配早元さひく。\n\n全りがお逆少やっ員担葬ヒ渉号っド関新ロヌヘ東法むげゃ局民ワ県睾ヌフムテ垣追よゃつル料53広ドる白談首なクねだ。広望つひょで得転ごはばじ所面ノハセイ負着フ信庵なやきず員需ずほを月覚ツヘ載禁ニウレ称最ゃ意生カユ提決8技テヤ気韓的地再汚ぱ。断っれ掲月ヲ赤8際ふ岡記8発は家北ほ直聞カエ場世口ラきレほ作5派セ禁従モ応紙うめこ噌王チツ動同ルユイ政意ひそン。\n\n報ヱニス断円別払れ携国いょみ定指コトモ面航協フ雪覧もレせ証細ノヲ心空アユ強況リ覚個どぶ動手トマユ供参にあ除8受ずねらッ。行7伝済ほ部藤界候ぱかみま剛環たいな芸団れ開旭ぱ新解み注6早モヲ必34一イホ積合スフ今止ぐゃち介騰稿よゆト会供費経トとや。展オコ他統ヘロニ商視チ車根コ要陽ニヱ継暮野ケス八医せクげト抜神ケ田例し卓約スうょげ典2助転趣一う。\n\n構モ鉄談ヒ地箱マキラ悲彩マ大専とびぐ掲白ッ告表病せびは葬経ンむとけ成83困摘94場よほル向収でゃてけ作点く信紛誓靖げざる。経ばじ勝者ど毎6発博ラぱ客値木モヲ考沼テモ教阪や寄展ドらすま撃意ッぴゆ委帯導議ムユカ速撃リセエ問揮まかお闘朝冒どき。流ヘクヌキ国記ユオ求女ネ学指ぞえ予覚ヘトレ投界択アウ提巻リんぱく所初ラ落治ヤ年公直はねぽ本去いら募意盤逮つかスび。\n\n政シミ壊択ドけふ間出ク作刻セノ足図レキ剛理観分ヱウミヨ窃経そ全円ケ単校消しゆ味方国度ょべぐさ始払メ難題ふく謙場ノ医商乱帰ゅぜり。抑ぜご児56倫59方る軽法るだトば欺禁ヤコ電毎たざ出公百ざ任21禁ケハマエ政越以らむド告億ン。57前ツフ闘通犯エタロ区受話トム碁本ゃせ写異ゅず来術ぶま来事ユカ禁毎びル横終タユウ正賞ほきゆず勢山ナ市掲ぐるぞ祭置さきね。\n\n初ノモアカ謙球ラヱト言式天そ達6百ケヨ若因ろとド事芸勝ワヌエ要紀シエオス気績痛リモメヨ議89主ムヲ嫁内ン球面ひ。83計ちがぼ勢基エツクモ惑玲えばおで第回リりづぐ晴客に賞第ソフカ部射ニロヒ伸詳ぴく品原ぴ稿解32彰もへわづ頼次ワヒ重位年侑いおの。言ルカク重材協ら虫検トタレハ国中じや近土導拍おぐら地慮ちがけ精波雪ヱカノ落野あょざゃ区大5無のひ転剤ぱ及予エハ参輪なク成壌ぐこさト。\n\n陣ばドん様作影リ社候ヱヘワキ阪長が督政ツホヒオ楽囚成ミニ間道に円条芸せぴりト知事キヨ殺内がぜ。遺げてべル雑知ミムオサ融動で施造り男感ぴ歌94反ハミ判突ぎさラを謄進展ねびむー判説ば棋9肉セモマ来53滅ヨ数柴クメイ現雪スワヒロ行未踊興刃尿かルびむ。7無く家囲総ろにとぜ暖夢れイぐを成務ヘエフロ西際健イせク応24稲んにおッ利政ょけど属玉ムフコス力整町ぶわゆ聞者ユルワ罰新エレハテ開端あれぴ。\n\n聞そめむは情策ワ民禁ふけと主引レラン二暮アルコ凸重確きぽら社19性フざさ申新厚て坂山もぼず飽治どは鹿番演丹庄そンほば。金レごれ除申ワシタヱ置均た省活ル靖菱ねほふと四野イ動仲再アホ商芸やじそ牡根ネカケ州力マメ道刊ソヲ体一オ町太カ三覧ヨ免般食東ク。推泳キオモ観稿じぴき保衆リー写63前1風ストふ悪夫ムヨワ弁進ムタ校武沿謝列岸概こ。\n\n芸セクムヒ発格と全30訪ネヌ聞正エヱ国聞告レラケ慮球モラヱヘ深新つりそが均共目名ワ己数うはだむ屋徳十ざゆ。入ヲテセト身法ぴかる味氏ホ右森就こへに動都ケヌモル日義ゃばラン政兵わおて愛野クほ宏純ホア参3性ま異程し立面むざ空務さ笛特業モ一73亭匠ぞぴゆ。喜タ国児負ど目更術ヲ最鮮せをま一湿以ト用型きぱぼ野選ヨル将平成ラ撃3火ぱイど。','洛伦·伊普瑟姆·多洛尔·西特·阿梅特，康塞克图尔·阿迪皮斯辛·埃利特，赛德·迪阿姆·诺纳米·尼布·埃维斯莫德·廷辛顿特·乌特·拉奥雷特·多洛尔·马格纳·阿利卡姆·埃拉特·沃尔普塔特。乌特·威西·艾尼姆·阿德·米尼姆·维尼亚姆，奎斯·诺斯特鲁德·埃克瑟西·塔提翁·乌拉姆科尔佩尔·苏斯皮特·洛博里蒂斯·尼斯尔·乌特·阿利奎普·艾克斯·艾娅·科莫多·康塞库阿特。杜伊斯·奥特姆·维尔·埃姆·伊里乌雷·多洛尔·因·亨德勒里特·因·乌尔普图阿特·维利特·埃塞·莫莱斯蒂埃·康塞库阿特，维尔·伊拉姆·多洛尔·艾尤·福盖特·努拉·法西利西斯·阿特·维罗·埃罗斯·埃特·阿库姆桑·埃特·尤斯托·奥迪奥·迪格尼西姆·奎·布兰迪特·普雷森特·卢普塔图姆·兹里尔·德莱尼特·奥古·杜伊斯·多洛尔·特·福盖特·努拉·法西利西。洛伦·伊普瑟姆·多洛尔·西特·阿梅特，康塞克图尔·阿迪皮斯辛·埃利特，赛德·迪阿姆·诺纳米·尼布·埃维斯莫德·廷辛顿特·乌特·拉奥雷特·多洛尔·马格纳·阿利卡姆·埃拉特·沃尔普塔特。乌特·威西·艾尼姆·阿德·米尼姆·维尼亚姆，奎斯·诺斯特鲁德·埃克瑟西·塔提翁·乌拉姆科尔佩尔·苏斯皮特·洛博里蒂斯·尼斯尔·乌特·阿利奎普·艾克斯·艾娅·科莫多·康塞库阿特。洛伦·伊普瑟姆·多洛尔·西特·阿梅特，康塞克图尔·阿迪皮斯辛·埃利特，赛德·迪阿姆·诺纳米·尼布·埃维斯莫德·廷辛顿特·乌特·拉奥雷特·多洛尔·马格纳·阿利卡姆·埃拉特·沃尔普塔特。乌特·威西·艾尼姆·阿德·米尼姆·维尼亚姆，奎斯','admin','2024-06-13 11:06:34','2024-06-13 11:06:34','PILATES AXE ESAKA STORE','PILATES AXE ESAKA STORE CONTENT','Budi','Jane','4'),(41,'MENYA TAKEUCHI NEW OLD','Fukushima','2022-01-01','Lorem ipsum dolor sit amet, consectetuer adipiscing elit, sed diam nonummy nibh euismod tincidunt ut laoreet dolore magna aliquam erat volutpat. Ut wisi enim ad minim veniam, quis nostrud exerci tation ullamcorper suscipit lobortis nisl ut aliquip ex ea commodo consequat. Duis autem vel eum iriure dolor in hendrerit in vulputate velit esse molestie consequat, vel illum dolore eu feugiat nulla facilisis at vero eros et accumsan et iusto odio dignissim qui blandit praesent luptatum zzril delenit augue duis dolore te feugait nulla facilisi. Lorem ipsum dolor sit amet, cons ectetuer adipiscing elit, sed diam nonummy nibh euismod tincidunt ut laoreet dolore magna aliquam erat volutpat. Ut wisi enim ad minim veniam, quis nostrud exerci tation ullamcorper suscipit lobortis nisl ut aliquip ex ea commodo consequat. Lorem ipsum dolor sit amet, consectetuer adipiscing elit, sed diam nonummy nibh euismod tincidunt ut laoreet dolore magna aliquam erat volutpat. Ut wisi enim ad minim veniam, quis','国コキ手成リヌサ藤設自ゃ意厚ノイヱサ変終ずはだば賀型ーぜみ察協ユ貧旅レすド援超らぜ隊求ソ頭情るぽ座不細堪いさば。用は読辞ーフラ担3周3江ヒヤネア調指キナ責障おてトち掲種メサ著節フラ著98提ヨルエタ必企ナルニ英9同やへっ報火違埋詰フら。実真化ぱたぎに殺著置ワア円縦れげ条百つトぶぐ写条トえは外割ウメマナ記問て予能一クツ立年もてむ政淳旅ケネ高時95雑済っ型領キスナメ覇雪ドレ。\n\n80目クナライ持集っげ理約4岡スンド戦取ばク彫載ぞしわゆ安北お史破論性ヨイヲカ日新リでえま著新急せを。能ユヱ万53報次とこえ囲示るだい下明メ野点論びごなぶ党諭ヱユサ総属らよどす臓宿ニウソサ功以わぐ活食イ紙紀はルいク旅僕滞硬いぎ。電夜オヒ事球げ戸待スでな属耗リこむげ効郎企ヘラ谷54近ア首大タ港厳挙カ全9辻しん松崩ヲナキア軍内チテミメ好優ヌ向後配早元さひく。\n\n全りがお逆少やっ員担葬ヒ渉号っド関新ロヌヘ東法むげゃ局民ワ県睾ヌフムテ垣追よゃつル料53広ドる白談首なクねだ。広望つひょで得転ごはばじ所面ノハセイ負着フ信庵なやきず員需ずほを月覚ツヘ載禁ニウレ称最ゃ意生カユ提決8技テヤ気韓的地再汚ぱ。断っれ掲月ヲ赤8際ふ岡記8発は家北ほ直聞カエ場世口ラきレほ作5派セ禁従モ応紙うめこ噌王チツ動同ルユイ政意ひそン。\n\n報ヱニス断円別払れ携国いょみ定指コトモ面航協フ雪覧もレせ証細ノヲ心空アユ強況リ覚個どぶ動手トマユ供参にあ除8受ずねらッ。行7伝済ほ部藤界候ぱかみま剛環たいな芸団れ開旭ぱ新解み注6早モヲ必34一イホ積合スフ今止ぐゃち介騰稿よゆト会供費経トとや。展オコ他統ヘロニ商視チ車根コ要陽ニヱ継暮野ケス八医せクげト抜神ケ田例し卓約スうょげ典2助転趣一う。\n\n構モ鉄談ヒ地箱マキラ悲彩マ大専とびぐ掲白ッ告表病せびは葬経ンむとけ成83困摘94場よほル向収でゃてけ作点く信紛誓靖げざる。経ばじ勝者ど毎6発博ラぱ客値木モヲ考沼テモ教阪や寄展ドらすま撃意ッぴゆ委帯導議ムユカ速撃リセエ問揮まかお闘朝冒どき。流ヘクヌキ国記ユオ求女ネ学指ぞえ予覚ヘトレ投界択アウ提巻リんぱく所初ラ落治ヤ年公直はねぽ本去いら募意盤逮つかスび。\n\n政シミ壊択ドけふ間出ク作刻セノ足図レキ剛理観分ヱウミヨ窃経そ全円ケ単校消しゆ味方国度ょべぐさ始払メ難題ふく謙場ノ医商乱帰ゅぜり。抑ぜご児56倫59方る軽法るだトば欺禁ヤコ電毎たざ出公百ざ任21禁ケハマエ政越以らむド告億ン。57前ツフ闘通犯エタロ区受話トム碁本ゃせ写異ゅず来術ぶま来事ユカ禁毎びル横終タユウ正賞ほきゆず勢山ナ市掲ぐるぞ祭置さきね。\n\n初ノモアカ謙球ラヱト言式天そ達6百ケヨ若因ろとド事芸勝ワヌエ要紀シエオス気績痛リモメヨ議89主ムヲ嫁内ン球面ひ。83計ちがぼ勢基エツクモ惑玲えばおで第回リりづぐ晴客に賞第ソフカ部射ニロヒ伸詳ぴく品原ぴ稿解32彰もへわづ頼次ワヒ重位年侑いおの。言ルカク重材協ら虫検トタレハ国中じや近土導拍おぐら地慮ちがけ精波雪ヱカノ落野あょざゃ区大5無のひ転剤ぱ及予エハ参輪なク成壌ぐこさト。\n\n陣ばドん様作影リ社候ヱヘワキ阪長が督政ツホヒオ楽囚成ミニ間道に円条芸せぴりト知事キヨ殺内がぜ。遺げてべル雑知ミムオサ融動で施造り男感ぴ歌94反ハミ判突ぎさラを謄進展ねびむー判説ば棋9肉セモマ来53滅ヨ数柴クメイ現雪スワヒロ行未踊興刃尿かルびむ。7無く家囲総ろにとぜ暖夢れイぐを成務ヘエフロ西際健イせク応24稲んにおッ利政ょけど属玉ムフコス力整町ぶわゆ聞者ユルワ罰新エレハテ開端あれぴ。\n\n聞そめむは情策ワ民禁ふけと主引レラン二暮アルコ凸重確きぽら社19性フざさ申新厚て坂山もぼず飽治どは鹿番演丹庄そンほば。金レごれ除申ワシタヱ置均た省活ル靖菱ねほふと四野イ動仲再アホ商芸やじそ牡根ネカケ州力マメ道刊ソヲ体一オ町太カ三覧ヨ免般食東ク。推泳キオモ観稿じぴき保衆リー写63前1風ストふ悪夫ムヨワ弁進ムタ校武沿謝列岸概こ。\n\n芸セクムヒ発格と全30訪ネヌ聞正エヱ国聞告レラケ慮球モラヱヘ深新つりそが均共目名ワ己数うはだむ屋徳十ざゆ。入ヲテセト身法ぴかる味氏ホ右森就こへに動都ケヌモル日義ゃばラン政兵わおて愛野クほ宏純ホア参3性ま異程し立面むざ空務さ笛特業モ一73亭匠ぞぴゆ。喜タ国児負ど目更術ヲ最鮮せをま一湿以ト用型きぱぼ野選ヨル将平成ラ撃3火ぱイど。','洛伦·伊普瑟姆·多洛尔·西特·阿梅特，康塞克图尔·阿迪皮斯辛·埃利特，赛德·迪阿姆·诺纳米·尼布·埃维斯莫德·廷辛顿特·乌特·拉奥雷特·多洛尔·马格纳·阿利卡姆·埃拉特·沃尔普塔特。乌特·威西·艾尼姆·阿德·米尼姆·维尼亚姆，奎斯·诺斯特鲁德·埃克瑟西·塔提翁·乌拉姆科尔佩尔·苏斯皮特·洛博里蒂斯·尼斯尔·乌特·阿利奎普·艾克斯·艾娅·科莫多·康塞库阿特。杜伊斯·奥特姆·维尔·埃姆·伊里乌雷·多洛尔·因·亨德勒里特·因·乌尔普图阿特·维利特·埃塞·莫莱斯蒂埃·康塞库阿特，维尔·伊拉姆·多洛尔·艾尤·福盖特·努拉·法西利西斯·阿特·维罗·埃罗斯·埃特·阿库姆桑·埃特·尤斯托·奥迪奥·迪格尼西姆·奎·布兰迪特·普雷森特·卢普塔图姆·兹里尔·德莱尼特·奥古·杜伊斯·多洛尔·特·福盖特·努拉·法西利西。洛伦·伊普瑟姆·多洛尔·西特·阿梅特，康塞克图尔·阿迪皮斯辛·埃利特，赛德·迪阿姆·诺纳米·尼布·埃维斯莫德·廷辛顿特·乌特·拉奥雷特·多洛尔·马格纳·阿利卡姆·埃拉特·沃尔普塔特。乌特·威西·艾尼姆·阿德·米尼姆·维尼亚姆，奎斯·诺斯特鲁德·埃克瑟西·塔提翁·乌拉姆科尔佩尔·苏斯皮特·洛博里蒂斯·尼斯尔·乌特·阿利奎普·艾克斯·艾娅·科莫多·康塞库阿特。洛伦·伊普瑟姆·多洛尔·西特·阿梅特，康塞克图尔·阿迪皮斯辛·埃利特，赛德·迪阿姆·诺纳米·尼布·埃维斯莫德·廷辛顿特·乌特·拉奥雷特·多洛尔·马格纳·阿利卡姆·埃拉特·沃尔普塔特。乌特·威西·艾尼姆·阿德·米尼姆·维尼亚姆，奎斯','admin','2024-06-13 11:09:46','2024-06-13 11:09:46','MENYA TAKEUCHI NEW OLD','MENYA TAKEUCHI NEW OLD CONTENT','James Bond','Jane','4'),(42,'MENYA TAKEUCHI NEW CLASSIC','Fukushima','2022-01-01','Lorem ipsum dolor sit amet, consectetuer adipiscing elit, sed diam nonummy nibh euismod tincidunt ut laoreet dolore magna aliquam erat volutpat. Ut wisi enim ad minim veniam, quis nostrud exerci tation ullamcorper suscipit lobortis nisl ut aliquip ex ea commodo consequat. Duis autem vel eum iriure dolor in hendrerit in vulputate velit esse molestie consequat, vel illum dolore eu feugiat nulla facilisis at vero eros et accumsan et iusto odio dignissim qui blandit praesent luptatum zzril delenit augue duis dolore te feugait nulla facilisi. Lorem ipsum dolor sit amet, cons ectetuer adipiscing elit, sed diam nonummy nibh euismod tincidunt ut laoreet dolore magna aliquam erat volutpat. Ut wisi enim ad minim veniam, quis nostrud exerci tation ullamcorper suscipit lobortis nisl ut aliquip ex ea commodo consequat. Lorem ipsum dolor sit amet, consectetuer adipiscing elit, sed diam nonummy nibh euismod tincidunt ut laoreet dolore magna aliquam erat volutpat. Ut wisi enim ad minim veniam, quis','国コキ手成リヌサ藤設自ゃ意厚ノイヱサ変終ずはだば賀型ーぜみ察協ユ貧旅レすド援超らぜ隊求ソ頭情るぽ座不細堪いさば。用は読辞ーフラ担3周3江ヒヤネア調指キナ責障おてトち掲種メサ著節フラ著98提ヨルエタ必企ナルニ英9同やへっ報火違埋詰フら。実真化ぱたぎに殺著置ワア円縦れげ条百つトぶぐ写条トえは外割ウメマナ記問て予能一クツ立年もてむ政淳旅ケネ高時95雑済っ型領キスナメ覇雪ドレ。\n\n80目クナライ持集っげ理約4岡スンド戦取ばク彫載ぞしわゆ安北お史破論性ヨイヲカ日新リでえま著新急せを。能ユヱ万53報次とこえ囲示るだい下明メ野点論びごなぶ党諭ヱユサ総属らよどす臓宿ニウソサ功以わぐ活食イ紙紀はルいク旅僕滞硬いぎ。電夜オヒ事球げ戸待スでな属耗リこむげ効郎企ヘラ谷54近ア首大タ港厳挙カ全9辻しん松崩ヲナキア軍内チテミメ好優ヌ向後配早元さひく。\n\n全りがお逆少やっ員担葬ヒ渉号っド関新ロヌヘ東法むげゃ局民ワ県睾ヌフムテ垣追よゃつル料53広ドる白談首なクねだ。広望つひょで得転ごはばじ所面ノハセイ負着フ信庵なやきず員需ずほを月覚ツヘ載禁ニウレ称最ゃ意生カユ提決8技テヤ気韓的地再汚ぱ。断っれ掲月ヲ赤8際ふ岡記8発は家北ほ直聞カエ場世口ラきレほ作5派セ禁従モ応紙うめこ噌王チツ動同ルユイ政意ひそン。\n\n報ヱニス断円別払れ携国いょみ定指コトモ面航協フ雪覧もレせ証細ノヲ心空アユ強況リ覚個どぶ動手トマユ供参にあ除8受ずねらッ。行7伝済ほ部藤界候ぱかみま剛環たいな芸団れ開旭ぱ新解み注6早モヲ必34一イホ積合スフ今止ぐゃち介騰稿よゆト会供費経トとや。展オコ他統ヘロニ商視チ車根コ要陽ニヱ継暮野ケス八医せクげト抜神ケ田例し卓約スうょげ典2助転趣一う。\n\n構モ鉄談ヒ地箱マキラ悲彩マ大専とびぐ掲白ッ告表病せびは葬経ンむとけ成83困摘94場よほル向収でゃてけ作点く信紛誓靖げざる。経ばじ勝者ど毎6発博ラぱ客値木モヲ考沼テモ教阪や寄展ドらすま撃意ッぴゆ委帯導議ムユカ速撃リセエ問揮まかお闘朝冒どき。流ヘクヌキ国記ユオ求女ネ学指ぞえ予覚ヘトレ投界択アウ提巻リんぱく所初ラ落治ヤ年公直はねぽ本去いら募意盤逮つかスび。\n\n政シミ壊択ドけふ間出ク作刻セノ足図レキ剛理観分ヱウミヨ窃経そ全円ケ単校消しゆ味方国度ょべぐさ始払メ難題ふく謙場ノ医商乱帰ゅぜり。抑ぜご児56倫59方る軽法るだトば欺禁ヤコ電毎たざ出公百ざ任21禁ケハマエ政越以らむド告億ン。57前ツフ闘通犯エタロ区受話トム碁本ゃせ写異ゅず来術ぶま来事ユカ禁毎びル横終タユウ正賞ほきゆず勢山ナ市掲ぐるぞ祭置さきね。\n\n初ノモアカ謙球ラヱト言式天そ達6百ケヨ若因ろとド事芸勝ワヌエ要紀シエオス気績痛リモメヨ議89主ムヲ嫁内ン球面ひ。83計ちがぼ勢基エツクモ惑玲えばおで第回リりづぐ晴客に賞第ソフカ部射ニロヒ伸詳ぴく品原ぴ稿解32彰もへわづ頼次ワヒ重位年侑いおの。言ルカク重材協ら虫検トタレハ国中じや近土導拍おぐら地慮ちがけ精波雪ヱカノ落野あょざゃ区大5無のひ転剤ぱ及予エハ参輪なク成壌ぐこさト。\n\n陣ばドん様作影リ社候ヱヘワキ阪長が督政ツホヒオ楽囚成ミニ間道に円条芸せぴりト知事キヨ殺内がぜ。遺げてべル雑知ミムオサ融動で施造り男感ぴ歌94反ハミ判突ぎさラを謄進展ねびむー判説ば棋9肉セモマ来53滅ヨ数柴クメイ現雪スワヒロ行未踊興刃尿かルびむ。7無く家囲総ろにとぜ暖夢れイぐを成務ヘエフロ西際健イせク応24稲んにおッ利政ょけど属玉ムフコス力整町ぶわゆ聞者ユルワ罰新エレハテ開端あれぴ。\n\n聞そめむは情策ワ民禁ふけと主引レラン二暮アルコ凸重確きぽら社19性フざさ申新厚て坂山もぼず飽治どは鹿番演丹庄そンほば。金レごれ除申ワシタヱ置均た省活ル靖菱ねほふと四野イ動仲再アホ商芸やじそ牡根ネカケ州力マメ道刊ソヲ体一オ町太カ三覧ヨ免般食東ク。推泳キオモ観稿じぴき保衆リー写63前1風ストふ悪夫ムヨワ弁進ムタ校武沿謝列岸概こ。\n\n芸セクムヒ発格と全30訪ネヌ聞正エヱ国聞告レラケ慮球モラヱヘ深新つりそが均共目名ワ己数うはだむ屋徳十ざゆ。入ヲテセト身法ぴかる味氏ホ右森就こへに動都ケヌモル日義ゃばラン政兵わおて愛野クほ宏純ホア参3性ま異程し立面むざ空務さ笛特業モ一73亭匠ぞぴゆ。喜タ国児負ど目更術ヲ最鮮せをま一湿以ト用型きぱぼ野選ヨル将平成ラ撃3火ぱイど。','洛伦·伊普瑟姆·多洛尔·西特·阿梅特，康塞克图尔·阿迪皮斯辛·埃利特，赛德·迪阿姆·诺纳米·尼布·埃维斯莫德·廷辛顿特·乌特·拉奥雷特·多洛尔·马格纳·阿利卡姆·埃拉特·沃尔普塔特。乌特·威西·艾尼姆·阿德·米尼姆·维尼亚姆，奎斯·诺斯特鲁德·埃克瑟西·塔提翁·乌拉姆科尔佩尔·苏斯皮特·洛博里蒂斯·尼斯尔·乌特·阿利奎普·艾克斯·艾娅·科莫多·康塞库阿特。杜伊斯·奥特姆·维尔·埃姆·伊里乌雷·多洛尔·因·亨德勒里特·因·乌尔普图阿特·维利特·埃塞·莫莱斯蒂埃·康塞库阿特，维尔·伊拉姆·多洛尔·艾尤·福盖特·努拉·法西利西斯·阿特·维罗·埃罗斯·埃特·阿库姆桑·埃特·尤斯托·奥迪奥·迪格尼西姆·奎·布兰迪特·普雷森特·卢普塔图姆·兹里尔·德莱尼特·奥古·杜伊斯·多洛尔·特·福盖特·努拉·法西利西。洛伦·伊普瑟姆·多洛尔·西特·阿梅特，康塞克图尔·阿迪皮斯辛·埃利特，赛德·迪阿姆·诺纳米·尼布·埃维斯莫德·廷辛顿特·乌特·拉奥雷特·多洛尔·马格纳·阿利卡姆·埃拉特·沃尔普塔特。乌特·威西·艾尼姆·阿德·米尼姆·维尼亚姆，奎斯·诺斯特鲁德·埃克瑟西·塔提翁·乌拉姆科尔佩尔·苏斯皮特·洛博里蒂斯·尼斯尔·乌特·阿利奎普·艾克斯·艾娅·科莫多·康塞库阿特。洛伦·伊普瑟姆·多洛尔·西特·阿梅特，康塞克图尔·阿迪皮斯辛·埃利特，赛德·迪阿姆·诺纳米·尼布·埃维斯莫德·廷辛顿特·乌特·拉奥雷特·多洛尔·马格纳·阿利卡姆·埃拉特·沃尔普塔特。乌特·威西·艾尼姆·阿德·米尼姆·维尼亚姆，奎斯','admin','2024-06-13 11:12:18','2024-06-13 11:12:18','MENYA TAKEUCHI NEW CLASSIC','MENYA TAKEUCHI NEW CLASSIC CONTENT','Budi','Jane','4'),(45,'Tekoya Seven Park Amami Store','Fukushima','2023-01-01','Lorem ipsum dolor sit amet, consectetuer adipiscing elit, sed diam nonummy nibh euismod tincidunt ut laoreet dolore magna aliquam erat volutpat. Ut wisi enim ad minim veniam, quis nostrud exerci tation ullamcorper suscipit lobortis nisl ut aliquip ex ea commodo consequat. Duis autem vel eum iriure dolor in hendrerit in vulputate velit esse molestie consequat, vel illum dolore eu feugiat nulla facilisis at vero eros et accumsan et iusto odio dignissim qui blandit praesent luptatum zzril delenit augue duis dolore te feugait nulla facilisi. Lorem ipsum dolor sit amet, cons ectetuer adipiscing elit, sed diam nonummy nibh euismod tincidunt ut laoreet dolore magna aliquam erat volutpat. Ut wisi enim ad minim veniam, quis nostrud exerci tation ullamcorper suscipit lobortis nisl ut aliquip ex ea commodo consequat. Lorem ipsum dolor sit amet, consectetuer adipiscing elit, sed diam nonummy nibh euismod tincidunt ut laoreet dolore magna aliquam erat volutpat. Ut wisi enim ad minim veniam, quis','国コキ手成リヌサ藤設自ゃ意厚ノイヱサ変終ずはだば賀型ーぜみ察協ユ貧旅レすド援超らぜ隊求ソ頭情るぽ座不細堪いさば。用は読辞ーフラ担3周3江ヒヤネア調指キナ責障おてトち掲種メサ著節フラ著98提ヨルエタ必企ナルニ英9同やへっ報火違埋詰フら。実真化ぱたぎに殺著置ワア円縦れげ条百つトぶぐ写条トえは外割ウメマナ記問て予能一クツ立年もてむ政淳旅ケネ高時95雑済っ型領キスナメ覇雪ドレ。\n\n80目クナライ持集っげ理約4岡スンド戦取ばク彫載ぞしわゆ安北お史破論性ヨイヲカ日新リでえま著新急せを。能ユヱ万53報次とこえ囲示るだい下明メ野点論びごなぶ党諭ヱユサ総属らよどす臓宿ニウソサ功以わぐ活食イ紙紀はルいク旅僕滞硬いぎ。電夜オヒ事球げ戸待スでな属耗リこむげ効郎企ヘラ谷54近ア首大タ港厳挙カ全9辻しん松崩ヲナキア軍内チテミメ好優ヌ向後配早元さひく。\n\n全りがお逆少やっ員担葬ヒ渉号っド関新ロヌヘ東法むげゃ局民ワ県睾ヌフムテ垣追よゃつル料53広ドる白談首なクねだ。広望つひょで得転ごはばじ所面ノハセイ負着フ信庵なやきず員需ずほを月覚ツヘ載禁ニウレ称最ゃ意生カユ提決8技テヤ気韓的地再汚ぱ。断っれ掲月ヲ赤8際ふ岡記8発は家北ほ直聞カエ場世口ラきレほ作5派セ禁従モ応紙うめこ噌王チツ動同ルユイ政意ひそン。\n\n報ヱニス断円別払れ携国いょみ定指コトモ面航協フ雪覧もレせ証細ノヲ心空アユ強況リ覚個どぶ動手トマユ供参にあ除8受ずねらッ。行7伝済ほ部藤界候ぱかみま剛環たいな芸団れ開旭ぱ新解み注6早モヲ必34一イホ積合スフ今止ぐゃち介騰稿よゆト会供費経トとや。展オコ他統ヘロニ商視チ車根コ要陽ニヱ継暮野ケス八医せクげト抜神ケ田例し卓約スうょげ典2助転趣一う。\n\n構モ鉄談ヒ地箱マキラ悲彩マ大専とびぐ掲白ッ告表病せびは葬経ンむとけ成83困摘94場よほル向収でゃてけ作点く信紛誓靖げざる。経ばじ勝者ど毎6発博ラぱ客値木モヲ考沼テモ教阪や寄展ドらすま撃意ッぴゆ委帯導議ムユカ速撃リセエ問揮まかお闘朝冒どき。流ヘクヌキ国記ユオ求女ネ学指ぞえ予覚ヘトレ投界択アウ提巻リんぱく所初ラ落治ヤ年公直はねぽ本去いら募意盤逮つかスび。\n\n政シミ壊択ドけふ間出ク作刻セノ足図レキ剛理観分ヱウミヨ窃経そ全円ケ単校消しゆ味方国度ょべぐさ始払メ難題ふく謙場ノ医商乱帰ゅぜり。抑ぜご児56倫59方る軽法るだトば欺禁ヤコ電毎たざ出公百ざ任21禁ケハマエ政越以らむド告億ン。57前ツフ闘通犯エタロ区受話トム碁本ゃせ写異ゅず来術ぶま来事ユカ禁毎びル横終タユウ正賞ほきゆず勢山ナ市掲ぐるぞ祭置さきね。\n\n初ノモアカ謙球ラヱト言式天そ達6百ケヨ若因ろとド事芸勝ワヌエ要紀シエオス気績痛リモメヨ議89主ムヲ嫁内ン球面ひ。83計ちがぼ勢基エツクモ惑玲えばおで第回リりづぐ晴客に賞第ソフカ部射ニロヒ伸詳ぴく品原ぴ稿解32彰もへわづ頼次ワヒ重位年侑いおの。言ルカク重材協ら虫検トタレハ国中じや近土導拍おぐら地慮ちがけ精波雪ヱカノ落野あょざゃ区大5無のひ転剤ぱ及予エハ参輪なク成壌ぐこさト。\n\n陣ばドん様作影リ社候ヱヘワキ阪長が督政ツホヒオ楽囚成ミニ間道に円条芸せぴりト知事キヨ殺内がぜ。遺げてべル雑知ミムオサ融動で施造り男感ぴ歌94反ハミ判突ぎさラを謄進展ねびむー判説ば棋9肉セモマ来53滅ヨ数柴クメイ現雪スワヒロ行未踊興刃尿かルびむ。7無く家囲総ろにとぜ暖夢れイぐを成務ヘエフロ西際健イせク応24稲んにおッ利政ょけど属玉ムフコス力整町ぶわゆ聞者ユルワ罰新エレハテ開端あれぴ。\n\n聞そめむは情策ワ民禁ふけと主引レラン二暮アルコ凸重確きぽら社19性フざさ申新厚て坂山もぼず飽治どは鹿番演丹庄そンほば。金レごれ除申ワシタヱ置均た省活ル靖菱ねほふと四野イ動仲再アホ商芸やじそ牡根ネカケ州力マメ道刊ソヲ体一オ町太カ三覧ヨ免般食東ク。推泳キオモ観稿じぴき保衆リー写63前1風ストふ悪夫ムヨワ弁進ムタ校武沿謝列岸概こ。\n\n芸セクムヒ発格と全30訪ネヌ聞正エヱ国聞告レラケ慮球モラヱヘ深新つりそが均共目名ワ己数うはだむ屋徳十ざゆ。入ヲテセト身法ぴかる味氏ホ右森就こへに動都ケヌモル日義ゃばラン政兵わおて愛野クほ宏純ホア参3性ま異程し立面むざ空務さ笛特業モ一73亭匠ぞぴゆ。喜タ国児負ど目更術ヲ最鮮せをま一湿以ト用型きぱぼ野選ヨル将平成ラ撃3火ぱイど。','洛伦·伊普瑟姆·多洛尔·西特·阿梅特，康塞克图尔·阿迪皮斯辛·埃利特，赛德·迪阿姆·诺纳米·尼布·埃维斯莫德·廷辛顿特·乌特·拉奥雷特·多洛尔·马格纳·阿利卡姆·埃拉特·沃尔普塔特。乌特·威西·艾尼姆·阿德·米尼姆·维尼亚姆，奎斯·诺斯特鲁德·埃克瑟西·塔提翁·乌拉姆科尔佩尔·苏斯皮特·洛博里蒂斯·尼斯尔·乌特·阿利奎普·艾克斯·艾娅·科莫多·康塞库阿特。杜伊斯·奥特姆·维尔·埃姆·伊里乌雷·多洛尔·因·亨德勒里特·因·乌尔普图阿特·维利特·埃塞·莫莱斯蒂埃·康塞库阿特，维尔·伊拉姆·多洛尔·艾尤·福盖特·努拉·法西利西斯·阿特·维罗·埃罗斯·埃特·阿库姆桑·埃特·尤斯托·奥迪奥·迪格尼西姆·奎·布兰迪特·普雷森特·卢普塔图姆·兹里尔·德莱尼特·奥古·杜伊斯·多洛尔·特·福盖特·努拉·法西利西。洛伦·伊普瑟姆·多洛尔·西特·阿梅特，康塞克图尔·阿迪皮斯辛·埃利特，赛德·迪阿姆·诺纳米·尼布·埃维斯莫德·廷辛顿特·乌特·拉奥雷特·多洛尔·马格纳·阿利卡姆·埃拉特·沃尔普塔特。乌特·威西·艾尼姆·阿德·米尼姆·维尼亚姆，奎斯·诺斯特鲁德·埃克瑟西·塔提翁·乌拉姆科尔佩尔·苏斯皮特·洛博里蒂斯·尼斯尔·乌特·阿利奎普·艾克斯·艾娅·科莫多·康塞库阿特。洛伦·伊普瑟姆·多洛尔·西特·阿梅特，康塞克图尔·阿迪皮斯辛·埃利特，赛德·迪阿姆·诺纳米·尼布·埃维斯莫德·廷辛顿特·乌特·拉奥雷特·多洛尔·马格纳·阿利卡姆·埃拉特·沃尔普塔特。乌特·威西·艾尼姆·阿德·米尼姆·维尼亚姆，奎斯','admin','2024-06-13 11:26:04','2024-06-13 11:26:04','Tekoya Seven Park Amami Store','Tekoya Seven Park Amami Store CONTENT','James Bond','Budi','4'),(50,'DOMDOM AEON STYLE AKABANE STORE','Fukushima','2023-01-13','Lorem ipsum dolor sit amet, consectetuer adipiscing elit, sed diam nonummy nibh euismod tincidunt ut laoreet dolore magna aliquam erat volutpat. Ut wisi enim ad minim veniam, quis nostrud exerci tation ullamcorper suscipit lobortis nisl ut aliquip ex ea commodo consequat. Duis autem vel eum iriure dolor in hendrerit in vulputate velit esse molestie consequat, vel illum dolore eu feugiat nulla facilisis at vero eros et accumsan et iusto odio dignissim qui blandit praesent luptatum zzril delenit augue duis dolore te feugait nulla facilisi. Lorem ipsum dolor sit amet, cons ectetuer adipiscing elit, sed diam nonummy nibh euismod tincidunt ut laoreet dolore magna aliquam erat volutpat. Ut wisi enim ad minim veniam, quis nostrud exerci tation ullamcorper suscipit lobortis nisl ut aliquip ex ea commodo consequat. Lorem ipsum dolor sit amet, consectetuer adipiscing elit, sed diam nonummy nibh euismod tincidunt ut laoreet dolore magna aliquam erat volutpat. Ut wisi enim ad minim veniam, quis','国コキ手成リヌサ藤設自ゃ意厚ノイヱサ変終ずはだば賀型ーぜみ察協ユ貧旅レすド援超らぜ隊求ソ頭情るぽ座不細堪いさば。用は読辞ーフラ担3周3江ヒヤネア調指キナ責障おてトち掲種メサ著節フラ著98提ヨルエタ必企ナルニ英9同やへっ報火違埋詰フら。実真化ぱたぎに殺著置ワア円縦れげ条百つトぶぐ写条トえは外割ウメマナ記問て予能一クツ立年もてむ政淳旅ケネ高時95雑済っ型領キスナメ覇雪ドレ。\n\n80目クナライ持集っげ理約4岡スンド戦取ばク彫載ぞしわゆ安北お史破論性ヨイヲカ日新リでえま著新急せを。能ユヱ万53報次とこえ囲示るだい下明メ野点論びごなぶ党諭ヱユサ総属らよどす臓宿ニウソサ功以わぐ活食イ紙紀はルいク旅僕滞硬いぎ。電夜オヒ事球げ戸待スでな属耗リこむげ効郎企ヘラ谷54近ア首大タ港厳挙カ全9辻しん松崩ヲナキア軍内チテミメ好優ヌ向後配早元さひく。\n\n全りがお逆少やっ員担葬ヒ渉号っド関新ロヌヘ東法むげゃ局民ワ県睾ヌフムテ垣追よゃつル料53広ドる白談首なクねだ。広望つひょで得転ごはばじ所面ノハセイ負着フ信庵なやきず員需ずほを月覚ツヘ載禁ニウレ称最ゃ意生カユ提決8技テヤ気韓的地再汚ぱ。断っれ掲月ヲ赤8際ふ岡記8発は家北ほ直聞カエ場世口ラきレほ作5派セ禁従モ応紙うめこ噌王チツ動同ルユイ政意ひそン。\n\n報ヱニス断円別払れ携国いょみ定指コトモ面航協フ雪覧もレせ証細ノヲ心空アユ強況リ覚個どぶ動手トマユ供参にあ除8受ずねらッ。行7伝済ほ部藤界候ぱかみま剛環たいな芸団れ開旭ぱ新解み注6早モヲ必34一イホ積合スフ今止ぐゃち介騰稿よゆト会供費経トとや。展オコ他統ヘロニ商視チ車根コ要陽ニヱ継暮野ケス八医せクげト抜神ケ田例し卓約スうょげ典2助転趣一う。\n\n構モ鉄談ヒ地箱マキラ悲彩マ大専とびぐ掲白ッ告表病せびは葬経ンむとけ成83困摘94場よほル向収でゃてけ作点く信紛誓靖げざる。経ばじ勝者ど毎6発博ラぱ客値木モヲ考沼テモ教阪や寄展ドらすま撃意ッぴゆ委帯導議ムユカ速撃リセエ問揮まかお闘朝冒どき。流ヘクヌキ国記ユオ求女ネ学指ぞえ予覚ヘトレ投界択アウ提巻リんぱく所初ラ落治ヤ年公直はねぽ本去いら募意盤逮つかスび。\n\n政シミ壊択ドけふ間出ク作刻セノ足図レキ剛理観分ヱウミヨ窃経そ全円ケ単校消しゆ味方国度ょべぐさ始払メ難題ふく謙場ノ医商乱帰ゅぜり。抑ぜご児56倫59方る軽法るだトば欺禁ヤコ電毎たざ出公百ざ任21禁ケハマエ政越以らむド告億ン。57前ツフ闘通犯エタロ区受話トム碁本ゃせ写異ゅず来術ぶま来事ユカ禁毎びル横終タユウ正賞ほきゆず勢山ナ市掲ぐるぞ祭置さきね。\n\n初ノモアカ謙球ラヱト言式天そ達6百ケヨ若因ろとド事芸勝ワヌエ要紀シエオス気績痛リモメヨ議89主ムヲ嫁内ン球面ひ。83計ちがぼ勢基エツクモ惑玲えばおで第回リりづぐ晴客に賞第ソフカ部射ニロヒ伸詳ぴく品原ぴ稿解32彰もへわづ頼次ワヒ重位年侑いおの。言ルカク重材協ら虫検トタレハ国中じや近土導拍おぐら地慮ちがけ精波雪ヱカノ落野あょざゃ区大5無のひ転剤ぱ及予エハ参輪なク成壌ぐこさト。\n\n陣ばドん様作影リ社候ヱヘワキ阪長が督政ツホヒオ楽囚成ミニ間道に円条芸せぴりト知事キヨ殺内がぜ。遺げてべル雑知ミムオサ融動で施造り男感ぴ歌94反ハミ判突ぎさラを謄進展ねびむー判説ば棋9肉セモマ来53滅ヨ数柴クメイ現雪スワヒロ行未踊興刃尿かルびむ。7無く家囲総ろにとぜ暖夢れイぐを成務ヘエフロ西際健イせク応24稲んにおッ利政ょけど属玉ムフコス力整町ぶわゆ聞者ユルワ罰新エレハテ開端あれぴ。\n\n聞そめむは情策ワ民禁ふけと主引レラン二暮アルコ凸重確きぽら社19性フざさ申新厚て坂山もぼず飽治どは鹿番演丹庄そンほば。金レごれ除申ワシタヱ置均た省活ル靖菱ねほふと四野イ動仲再アホ商芸やじそ牡根ネカケ州力マメ道刊ソヲ体一オ町太カ三覧ヨ免般食東ク。推泳キオモ観稿じぴき保衆リー写63前1風ストふ悪夫ムヨワ弁進ムタ校武沿謝列岸概こ。\n\n芸セクムヒ発格と全30訪ネヌ聞正エヱ国聞告レラケ慮球モラヱヘ深新つりそが均共目名ワ己数うはだむ屋徳十ざゆ。入ヲテセト身法ぴかる味氏ホ右森就こへに動都ケヌモル日義ゃばラン政兵わおて愛野クほ宏純ホア参3性ま異程し立面むざ空務さ笛特業モ一73亭匠ぞぴゆ。喜タ国児負ど目更術ヲ最鮮せをま一湿以ト用型きぱぼ野選ヨル将平成ラ撃3火ぱイど。','洛伦·伊普瑟姆·多洛尔·西特·阿梅特，康塞克图尔·阿迪皮斯辛·埃利特，赛德·迪阿姆·诺纳米·尼布·埃维斯莫德·廷辛顿特·乌特·拉奥雷特·多洛尔·马格纳·阿利卡姆·埃拉特·沃尔普塔特。乌特·威西·艾尼姆·阿德·米尼姆·维尼亚姆，奎斯·诺斯特鲁德·埃克瑟西·塔提翁·乌拉姆科尔佩尔·苏斯皮特·洛博里蒂斯·尼斯尔·乌特·阿利奎普·艾克斯·艾娅·科莫多·康塞库阿特。杜伊斯·奥特姆·维尔·埃姆·伊里乌雷·多洛尔·因·亨德勒里特·因·乌尔普图阿特·维利特·埃塞·莫莱斯蒂埃·康塞库阿特，维尔·伊拉姆·多洛尔·艾尤·福盖特·努拉·法西利西斯·阿特·维罗·埃罗斯·埃特·阿库姆桑·埃特·尤斯托·奥迪奥·迪格尼西姆·奎·布兰迪特·普雷森特·卢普塔图姆·兹里尔·德莱尼特·奥古·杜伊斯·多洛尔·特·福盖特·努拉·法西利西。洛伦·伊普瑟姆·多洛尔·西特·阿梅特，康塞克图尔·阿迪皮斯辛·埃利特，赛德·迪阿姆·诺纳米·尼布·埃维斯莫德·廷辛顿特·乌特·拉奥雷特·多洛尔·马格纳·阿利卡姆·埃拉特·沃尔普塔特。乌特·威西·艾尼姆·阿德·米尼姆·维尼亚姆，奎斯·诺斯特鲁德·埃克瑟西·塔提翁·乌拉姆科尔佩尔·苏斯皮特·洛博里蒂斯·尼斯尔·乌特·阿利奎普·艾克斯·艾娅·科莫多·康塞库阿特。洛伦·伊普瑟姆·多洛尔·西特·阿梅特，康塞克图尔·阿迪皮斯辛·埃利特，赛德·迪阿姆·诺纳米·尼布·埃维斯莫德·廷辛顿特·乌特·拉奥雷特·多洛尔·马格纳·阿利卡姆·埃拉特·沃尔普塔特。乌特·威西·艾尼姆·阿德·米尼姆·维尼亚姆，奎斯','admin','2024-06-13 11:35:06','2024-06-13 11:35:06','DOMDOM AEON STYLE AKABANE STORE','DOMDOM AEON STYLE AKABANE STORE CONTENT','Budi','Jane','4'),(53,'YAYOIKEN KINSHICHO STORE','Bekasi','2023-01-01','Lorem ipsum dolor sit amet, consectetuer adipiscing elit, sed diam nonummy nibh euismod tincidunt ut laoreet dolore magna aliquam erat volutpat. Ut wisi enim ad minim veniam, quis nostrud exerci tation ullamcorper suscipit lobortis nisl ut aliquip ex ea commodo consequat. Duis autem vel eum iriure dolor in hendrerit in vulputate velit esse molestie consequat, vel illum dolore eu feugiat nulla facilisis at vero eros et accumsan et iusto odio dignissim qui blandit praesent luptatum zzril delenit augue duis dolore te feugait nulla facilisi. Lorem ipsum dolor sit amet, cons ectetuer adipiscing elit, sed diam nonummy nibh euismod tincidunt ut laoreet dolore magna aliquam erat volutpat. Ut wisi enim ad minim veniam, quis nostrud exerci tation ullamcorper suscipit lobortis nisl ut aliquip ex ea commodo consequat. Lorem ipsum dolor sit amet, consectetuer adipiscing elit, sed diam nonummy nibh euismod tincidunt ut laoreet dolore magna aliquam erat volutpat. Ut wisi enim ad minim veniam, quis','国コキ手成リヌサ藤設自ゃ意厚ノイヱサ変終ずはだば賀型ーぜみ察協ユ貧旅レすド援超らぜ隊求ソ頭情るぽ座不細堪いさば。用は読辞ーフラ担3周3江ヒヤネア調指キナ責障おてトち掲種メサ著節フラ著98提ヨルエタ必企ナルニ英9同やへっ報火違埋詰フら。実真化ぱたぎに殺著置ワア円縦れげ条百つトぶぐ写条トえは外割ウメマナ記問て予能一クツ立年もてむ政淳旅ケネ高時95雑済っ型領キスナメ覇雪ドレ。\n\n80目クナライ持集っげ理約4岡スンド戦取ばク彫載ぞしわゆ安北お史破論性ヨイヲカ日新リでえま著新急せを。能ユヱ万53報次とこえ囲示るだい下明メ野点論びごなぶ党諭ヱユサ総属らよどす臓宿ニウソサ功以わぐ活食イ紙紀はルいク旅僕滞硬いぎ。電夜オヒ事球げ戸待スでな属耗リこむげ効郎企ヘラ谷54近ア首大タ港厳挙カ全9辻しん松崩ヲナキア軍内チテミメ好優ヌ向後配早元さひく。\n\n全りがお逆少やっ員担葬ヒ渉号っド関新ロヌヘ東法むげゃ局民ワ県睾ヌフムテ垣追よゃつル料53広ドる白談首なクねだ。広望つひょで得転ごはばじ所面ノハセイ負着フ信庵なやきず員需ずほを月覚ツヘ載禁ニウレ称最ゃ意生カユ提決8技テヤ気韓的地再汚ぱ。断っれ掲月ヲ赤8際ふ岡記8発は家北ほ直聞カエ場世口ラきレほ作5派セ禁従モ応紙うめこ噌王チツ動同ルユイ政意ひそン。\n\n報ヱニス断円別払れ携国いょみ定指コトモ面航協フ雪覧もレせ証細ノヲ心空アユ強況リ覚個どぶ動手トマユ供参にあ除8受ずねらッ。行7伝済ほ部藤界候ぱかみま剛環たいな芸団れ開旭ぱ新解み注6早モヲ必34一イホ積合スフ今止ぐゃち介騰稿よゆト会供費経トとや。展オコ他統ヘロニ商視チ車根コ要陽ニヱ継暮野ケス八医せクげト抜神ケ田例し卓約スうょげ典2助転趣一う。\n\n構モ鉄談ヒ地箱マキラ悲彩マ大専とびぐ掲白ッ告表病せびは葬経ンむとけ成83困摘94場よほル向収でゃてけ作点く信紛誓靖げざる。経ばじ勝者ど毎6発博ラぱ客値木モヲ考沼テモ教阪や寄展ドらすま撃意ッぴゆ委帯導議ムユカ速撃リセエ問揮まかお闘朝冒どき。流ヘクヌキ国記ユオ求女ネ学指ぞえ予覚ヘトレ投界択アウ提巻リんぱく所初ラ落治ヤ年公直はねぽ本去いら募意盤逮つかスび。\n\n政シミ壊択ドけふ間出ク作刻セノ足図レキ剛理観分ヱウミヨ窃経そ全円ケ単校消しゆ味方国度ょべぐさ始払メ難題ふく謙場ノ医商乱帰ゅぜり。抑ぜご児56倫59方る軽法るだトば欺禁ヤコ電毎たざ出公百ざ任21禁ケハマエ政越以らむド告億ン。57前ツフ闘通犯エタロ区受話トム碁本ゃせ写異ゅず来術ぶま来事ユカ禁毎びル横終タユウ正賞ほきゆず勢山ナ市掲ぐるぞ祭置さきね。\n\n初ノモアカ謙球ラヱト言式天そ達6百ケヨ若因ろとド事芸勝ワヌエ要紀シエオス気績痛リモメヨ議89主ムヲ嫁内ン球面ひ。83計ちがぼ勢基エツクモ惑玲えばおで第回リりづぐ晴客に賞第ソフカ部射ニロヒ伸詳ぴく品原ぴ稿解32彰もへわづ頼次ワヒ重位年侑いおの。言ルカク重材協ら虫検トタレハ国中じや近土導拍おぐら地慮ちがけ精波雪ヱカノ落野あょざゃ区大5無のひ転剤ぱ及予エハ参輪なク成壌ぐこさト。\n\n陣ばドん様作影リ社候ヱヘワキ阪長が督政ツホヒオ楽囚成ミニ間道に円条芸せぴりト知事キヨ殺内がぜ。遺げてべル雑知ミムオサ融動で施造り男感ぴ歌94反ハミ判突ぎさラを謄進展ねびむー判説ば棋9肉セモマ来53滅ヨ数柴クメイ現雪スワヒロ行未踊興刃尿かルびむ。7無く家囲総ろにとぜ暖夢れイぐを成務ヘエフロ西際健イせク応24稲んにおッ利政ょけど属玉ムフコス力整町ぶわゆ聞者ユルワ罰新エレハテ開端あれぴ。\n\n聞そめむは情策ワ民禁ふけと主引レラン二暮アルコ凸重確きぽら社19性フざさ申新厚て坂山もぼず飽治どは鹿番演丹庄そンほば。金レごれ除申ワシタヱ置均た省活ル靖菱ねほふと四野イ動仲再アホ商芸やじそ牡根ネカケ州力マメ道刊ソヲ体一オ町太カ三覧ヨ免般食東ク。推泳キオモ観稿じぴき保衆リー写63前1風ストふ悪夫ムヨワ弁進ムタ校武沿謝列岸概こ。\n\n芸セクムヒ発格と全30訪ネヌ聞正エヱ国聞告レラケ慮球モラヱヘ深新つりそが均共目名ワ己数うはだむ屋徳十ざゆ。入ヲテセト身法ぴかる味氏ホ右森就こへに動都ケヌモル日義ゃばラン政兵わおて愛野クほ宏純ホア参3性ま異程し立面むざ空務さ笛特業モ一73亭匠ぞぴゆ。喜タ国児負ど目更術ヲ最鮮せをま一湿以ト用型きぱぼ野選ヨル将平成ラ撃3火ぱイど。','洛伦·伊普瑟姆·多洛尔·西特·阿梅特，康塞克图尔·阿迪皮斯辛·埃利特，赛德·迪阿姆·诺纳米·尼布·埃维斯莫德·廷辛顿特·乌特·拉奥雷特·多洛尔·马格纳·阿利卡姆·埃拉特·沃尔普塔特。乌特·威西·艾尼姆·阿德·米尼姆·维尼亚姆，奎斯·诺斯特鲁德·埃克瑟西·塔提翁·乌拉姆科尔佩尔·苏斯皮特·洛博里蒂斯·尼斯尔·乌特·阿利奎普·艾克斯·艾娅·科莫多·康塞库阿特。杜伊斯·奥特姆·维尔·埃姆·伊里乌雷·多洛尔·因·亨德勒里特·因·乌尔普图阿特·维利特·埃塞·莫莱斯蒂埃·康塞库阿特，维尔·伊拉姆·多洛尔·艾尤·福盖特·努拉·法西利西斯·阿特·维罗·埃罗斯·埃特·阿库姆桑·埃特·尤斯托·奥迪奥·迪格尼西姆·奎·布兰迪特·普雷森特·卢普塔图姆·兹里尔·德莱尼特·奥古·杜伊斯·多洛尔·特·福盖特·努拉·法西利西。洛伦·伊普瑟姆·多洛尔·西特·阿梅特，康塞克图尔·阿迪皮斯辛·埃利特，赛德·迪阿姆·诺纳米·尼布·埃维斯莫德·廷辛顿特·乌特·拉奥雷特·多洛尔·马格纳·阿利卡姆·埃拉特·沃尔普塔特。乌特·威西·艾尼姆·阿德·米尼姆·维尼亚姆，奎斯·诺斯特鲁德·埃克瑟西·塔提翁·乌拉姆科尔佩尔·苏斯皮特·洛博里蒂斯·尼斯尔·乌特·阿利奎普·艾克斯·艾娅·科莫多·康塞库阿特。洛伦·伊普瑟姆·多洛尔·西特·阿梅特，康塞克图尔·阿迪皮斯辛·埃利特，赛德·迪阿姆·诺纳米·尼布·埃维斯莫德·廷辛顿特·乌特·拉奥雷特·多洛尔·马格纳·阿利卡姆·埃拉特·沃尔普塔特。乌特·威西·艾尼姆·阿德·米尼姆·维尼亚姆，奎斯','admin','2024-06-13 11:45:39','2024-06-13 11:45:39','YAYOIKEN KINSHICHO STORE','YAYOIKEN KINSHICHO STORE CONTENT','James Bond','Budi','4'),(54,'YAYOIKEN SAKURATERAZAKI STORE','Bekasi','2023-01-01','Lorem ipsum dolor sit amet, consectetuer adipiscing elit, sed diam nonummy nibh euismod tincidunt ut laoreet dolore magna aliquam erat volutpat. Ut wisi enim ad minim veniam, quis nostrud exerci tation ullamcorper suscipit lobortis nisl ut aliquip ex ea commodo consequat. Duis autem vel eum iriure dolor in hendrerit in vulputate velit esse molestie consequat, vel illum dolore eu feugiat nulla facilisis at vero eros et accumsan et iusto odio dignissim qui blandit praesent luptatum zzril delenit augue duis dolore te feugait nulla facilisi. Lorem ipsum dolor sit amet, cons ectetuer adipiscing elit, sed diam nonummy nibh euismod tincidunt ut laoreet dolore magna aliquam erat volutpat. Ut wisi enim ad minim veniam, quis nostrud exerci tation ullamcorper suscipit lobortis nisl ut aliquip ex ea commodo consequat. Lorem ipsum dolor sit amet, consectetuer adipiscing elit, sed diam nonummy nibh euismod tincidunt ut laoreet dolore magna aliquam erat volutpat. Ut wisi enim ad minim veniam, quis','国コキ手成リヌサ藤設自ゃ意厚ノイヱサ変終ずはだば賀型ーぜみ察協ユ貧旅レすド援超らぜ隊求ソ頭情るぽ座不細堪いさば。用は読辞ーフラ担3周3江ヒヤネア調指キナ責障おてトち掲種メサ著節フラ著98提ヨルエタ必企ナルニ英9同やへっ報火違埋詰フら。実真化ぱたぎに殺著置ワア円縦れげ条百つトぶぐ写条トえは外割ウメマナ記問て予能一クツ立年もてむ政淳旅ケネ高時95雑済っ型領キスナメ覇雪ドレ。\n\n80目クナライ持集っげ理約4岡スンド戦取ばク彫載ぞしわゆ安北お史破論性ヨイヲカ日新リでえま著新急せを。能ユヱ万53報次とこえ囲示るだい下明メ野点論びごなぶ党諭ヱユサ総属らよどす臓宿ニウソサ功以わぐ活食イ紙紀はルいク旅僕滞硬いぎ。電夜オヒ事球げ戸待スでな属耗リこむげ効郎企ヘラ谷54近ア首大タ港厳挙カ全9辻しん松崩ヲナキア軍内チテミメ好優ヌ向後配早元さひく。\n\n全りがお逆少やっ員担葬ヒ渉号っド関新ロヌヘ東法むげゃ局民ワ県睾ヌフムテ垣追よゃつル料53広ドる白談首なクねだ。広望つひょで得転ごはばじ所面ノハセイ負着フ信庵なやきず員需ずほを月覚ツヘ載禁ニウレ称最ゃ意生カユ提決8技テヤ気韓的地再汚ぱ。断っれ掲月ヲ赤8際ふ岡記8発は家北ほ直聞カエ場世口ラきレほ作5派セ禁従モ応紙うめこ噌王チツ動同ルユイ政意ひそン。\n\n報ヱニス断円別払れ携国いょみ定指コトモ面航協フ雪覧もレせ証細ノヲ心空アユ強況リ覚個どぶ動手トマユ供参にあ除8受ずねらッ。行7伝済ほ部藤界候ぱかみま剛環たいな芸団れ開旭ぱ新解み注6早モヲ必34一イホ積合スフ今止ぐゃち介騰稿よゆト会供費経トとや。展オコ他統ヘロニ商視チ車根コ要陽ニヱ継暮野ケス八医せクげト抜神ケ田例し卓約スうょげ典2助転趣一う。\n\n構モ鉄談ヒ地箱マキラ悲彩マ大専とびぐ掲白ッ告表病せびは葬経ンむとけ成83困摘94場よほル向収でゃてけ作点く信紛誓靖げざる。経ばじ勝者ど毎6発博ラぱ客値木モヲ考沼テモ教阪や寄展ドらすま撃意ッぴゆ委帯導議ムユカ速撃リセエ問揮まかお闘朝冒どき。流ヘクヌキ国記ユオ求女ネ学指ぞえ予覚ヘトレ投界択アウ提巻リんぱく所初ラ落治ヤ年公直はねぽ本去いら募意盤逮つかスび。\n\n政シミ壊択ドけふ間出ク作刻セノ足図レキ剛理観分ヱウミヨ窃経そ全円ケ単校消しゆ味方国度ょべぐさ始払メ難題ふく謙場ノ医商乱帰ゅぜり。抑ぜご児56倫59方る軽法るだトば欺禁ヤコ電毎たざ出公百ざ任21禁ケハマエ政越以らむド告億ン。57前ツフ闘通犯エタロ区受話トム碁本ゃせ写異ゅず来術ぶま来事ユカ禁毎びル横終タユウ正賞ほきゆず勢山ナ市掲ぐるぞ祭置さきね。\n\n初ノモアカ謙球ラヱト言式天そ達6百ケヨ若因ろとド事芸勝ワヌエ要紀シエオス気績痛リモメヨ議89主ムヲ嫁内ン球面ひ。83計ちがぼ勢基エツクモ惑玲えばおで第回リりづぐ晴客に賞第ソフカ部射ニロヒ伸詳ぴく品原ぴ稿解32彰もへわづ頼次ワヒ重位年侑いおの。言ルカク重材協ら虫検トタレハ国中じや近土導拍おぐら地慮ちがけ精波雪ヱカノ落野あょざゃ区大5無のひ転剤ぱ及予エハ参輪なク成壌ぐこさト。\n\n陣ばドん様作影リ社候ヱヘワキ阪長が督政ツホヒオ楽囚成ミニ間道に円条芸せぴりト知事キヨ殺内がぜ。遺げてべル雑知ミムオサ融動で施造り男感ぴ歌94反ハミ判突ぎさラを謄進展ねびむー判説ば棋9肉セモマ来53滅ヨ数柴クメイ現雪スワヒロ行未踊興刃尿かルびむ。7無く家囲総ろにとぜ暖夢れイぐを成務ヘエフロ西際健イせク応24稲んにおッ利政ょけど属玉ムフコス力整町ぶわゆ聞者ユルワ罰新エレハテ開端あれぴ。\n\n聞そめむは情策ワ民禁ふけと主引レラン二暮アルコ凸重確きぽら社19性フざさ申新厚て坂山もぼず飽治どは鹿番演丹庄そンほば。金レごれ除申ワシタヱ置均た省活ル靖菱ねほふと四野イ動仲再アホ商芸やじそ牡根ネカケ州力マメ道刊ソヲ体一オ町太カ三覧ヨ免般食東ク。推泳キオモ観稿じぴき保衆リー写63前1風ストふ悪夫ムヨワ弁進ムタ校武沿謝列岸概こ。\n\n芸セクムヒ発格と全30訪ネヌ聞正エヱ国聞告レラケ慮球モラヱヘ深新つりそが均共目名ワ己数うはだむ屋徳十ざゆ。入ヲテセト身法ぴかる味氏ホ右森就こへに動都ケヌモル日義ゃばラン政兵わおて愛野クほ宏純ホア参3性ま異程し立面むざ空務さ笛特業モ一73亭匠ぞぴゆ。喜タ国児負ど目更術ヲ最鮮せをま一湿以ト用型きぱぼ野選ヨル将平成ラ撃3火ぱイど。','洛伦·伊普瑟姆·多洛尔·西特·阿梅特，康塞克图尔·阿迪皮斯辛·埃利特，赛德·迪阿姆·诺纳米·尼布·埃维斯莫德·廷辛顿特·乌特·拉奥雷特·多洛尔·马格纳·阿利卡姆·埃拉特·沃尔普塔特。乌特·威西·艾尼姆·阿德·米尼姆·维尼亚姆，奎斯·诺斯特鲁德·埃克瑟西·塔提翁·乌拉姆科尔佩尔·苏斯皮特·洛博里蒂斯·尼斯尔·乌特·阿利奎普·艾克斯·艾娅·科莫多·康塞库阿特。杜伊斯·奥特姆·维尔·埃姆·伊里乌雷·多洛尔·因·亨德勒里特·因·乌尔普图阿特·维利特·埃塞·莫莱斯蒂埃·康塞库阿特，维尔·伊拉姆·多洛尔·艾尤·福盖特·努拉·法西利西斯·阿特·维罗·埃罗斯·埃特·阿库姆桑·埃特·尤斯托·奥迪奥·迪格尼西姆·奎·布兰迪特·普雷森特·卢普塔图姆·兹里尔·德莱尼特·奥古·杜伊斯·多洛尔·特·福盖特·努拉·法西利西。洛伦·伊普瑟姆·多洛尔·西特·阿梅特，康塞克图尔·阿迪皮斯辛·埃利特，赛德·迪阿姆·诺纳米·尼布·埃维斯莫德·廷辛顿特·乌特·拉奥雷特·多洛尔·马格纳·阿利卡姆·埃拉特·沃尔普塔特。乌特·威西·艾尼姆·阿德·米尼姆·维尼亚姆，奎斯·诺斯特鲁德·埃克瑟西·塔提翁·乌拉姆科尔佩尔·苏斯皮特·洛博里蒂斯·尼斯尔·乌特·阿利奎普·艾克斯·艾娅·科莫多·康塞库阿特。洛伦·伊普瑟姆·多洛尔·西特·阿梅特，康塞克图尔·阿迪皮斯辛·埃利特，赛德·迪阿姆·诺纳米·尼布·埃维斯莫德·廷辛顿特·乌特·拉奥雷特·多洛尔·马格纳·阿利卡姆·埃拉特·沃尔普塔特。乌特·威西·艾尼姆·阿德·米尼姆·维尼亚姆，奎斯',NULL,'2024-06-13 11:47:05','2024-06-13 12:58:12','AYOIKEN SAKURATERAZAKI STORE','AYOIKEN SAKURATERAZAKI STORE CONTENT','James Bond','Budi','4'),(55,'YAYOIKEN HAMAMATSU STORE','Fukushima','2023-01-01','Lorem ipsum dolor sit amet, consectetuer adipiscing elit, sed diam nonummy nibh euismod tincidunt ut laoreet dolore magna aliquam erat volutpat. Ut wisi enim ad minim veniam, quis nostrud exerci tation ullamcorper suscipit lobortis nisl ut aliquip ex ea commodo consequat. Duis autem vel eum iriure dolor in hendrerit in vulputate velit esse molestie consequat, vel illum dolore eu feugiat nulla facilisis at vero eros et accumsan et iusto odio dignissim qui blandit praesent luptatum zzril delenit augue duis dolore te feugait nulla facilisi. Lorem ipsum dolor sit amet, cons ectetuer adipiscing elit, sed diam nonummy nibh euismod tincidunt ut laoreet dolore magna aliquam erat volutpat. Ut wisi enim ad minim veniam, quis nostrud exerci tation ullamcorper suscipit lobortis nisl ut aliquip ex ea commodo consequat. Lorem ipsum dolor sit amet, consectetuer adipiscing elit, sed diam nonummy nibh euismod tincidunt ut laoreet dolore magna aliquam erat volutpat. Ut wisi enim ad minim veniam, quis','国コキ手成リヌサ藤設自ゃ意厚ノイヱサ変終ずはだば賀型ーぜみ察協ユ貧旅レすド援超らぜ隊求ソ頭情るぽ座不細堪いさば。用は読辞ーフラ担3周3江ヒヤネア調指キナ責障おてトち掲種メサ著節フラ著98提ヨルエタ必企ナルニ英9同やへっ報火違埋詰フら。実真化ぱたぎに殺著置ワア円縦れげ条百つトぶぐ写条トえは外割ウメマナ記問て予能一クツ立年もてむ政淳旅ケネ高時95雑済っ型領キスナメ覇雪ドレ。\n\n80目クナライ持集っげ理約4岡スンド戦取ばク彫載ぞしわゆ安北お史破論性ヨイヲカ日新リでえま著新急せを。能ユヱ万53報次とこえ囲示るだい下明メ野点論びごなぶ党諭ヱユサ総属らよどす臓宿ニウソサ功以わぐ活食イ紙紀はルいク旅僕滞硬いぎ。電夜オヒ事球げ戸待スでな属耗リこむげ効郎企ヘラ谷54近ア首大タ港厳挙カ全9辻しん松崩ヲナキア軍内チテミメ好優ヌ向後配早元さひく。\n\n全りがお逆少やっ員担葬ヒ渉号っド関新ロヌヘ東法むげゃ局民ワ県睾ヌフムテ垣追よゃつル料53広ドる白談首なクねだ。広望つひょで得転ごはばじ所面ノハセイ負着フ信庵なやきず員需ずほを月覚ツヘ載禁ニウレ称最ゃ意生カユ提決8技テヤ気韓的地再汚ぱ。断っれ掲月ヲ赤8際ふ岡記8発は家北ほ直聞カエ場世口ラきレほ作5派セ禁従モ応紙うめこ噌王チツ動同ルユイ政意ひそン。\n\n報ヱニス断円別払れ携国いょみ定指コトモ面航協フ雪覧もレせ証細ノヲ心空アユ強況リ覚個どぶ動手トマユ供参にあ除8受ずねらッ。行7伝済ほ部藤界候ぱかみま剛環たいな芸団れ開旭ぱ新解み注6早モヲ必34一イホ積合スフ今止ぐゃち介騰稿よゆト会供費経トとや。展オコ他統ヘロニ商視チ車根コ要陽ニヱ継暮野ケス八医せクげト抜神ケ田例し卓約スうょげ典2助転趣一う。\n\n構モ鉄談ヒ地箱マキラ悲彩マ大専とびぐ掲白ッ告表病せびは葬経ンむとけ成83困摘94場よほル向収でゃてけ作点く信紛誓靖げざる。経ばじ勝者ど毎6発博ラぱ客値木モヲ考沼テモ教阪や寄展ドらすま撃意ッぴゆ委帯導議ムユカ速撃リセエ問揮まかお闘朝冒どき。流ヘクヌキ国記ユオ求女ネ学指ぞえ予覚ヘトレ投界択アウ提巻リんぱく所初ラ落治ヤ年公直はねぽ本去いら募意盤逮つかスび。\n\n政シミ壊択ドけふ間出ク作刻セノ足図レキ剛理観分ヱウミヨ窃経そ全円ケ単校消しゆ味方国度ょべぐさ始払メ難題ふく謙場ノ医商乱帰ゅぜり。抑ぜご児56倫59方る軽法るだトば欺禁ヤコ電毎たざ出公百ざ任21禁ケハマエ政越以らむド告億ン。57前ツフ闘通犯エタロ区受話トム碁本ゃせ写異ゅず来術ぶま来事ユカ禁毎びル横終タユウ正賞ほきゆず勢山ナ市掲ぐるぞ祭置さきね。\n\n初ノモアカ謙球ラヱト言式天そ達6百ケヨ若因ろとド事芸勝ワヌエ要紀シエオス気績痛リモメヨ議89主ムヲ嫁内ン球面ひ。83計ちがぼ勢基エツクモ惑玲えばおで第回リりづぐ晴客に賞第ソフカ部射ニロヒ伸詳ぴく品原ぴ稿解32彰もへわづ頼次ワヒ重位年侑いおの。言ルカク重材協ら虫検トタレハ国中じや近土導拍おぐら地慮ちがけ精波雪ヱカノ落野あょざゃ区大5無のひ転剤ぱ及予エハ参輪なク成壌ぐこさト。\n\n陣ばドん様作影リ社候ヱヘワキ阪長が督政ツホヒオ楽囚成ミニ間道に円条芸せぴりト知事キヨ殺内がぜ。遺げてべル雑知ミムオサ融動で施造り男感ぴ歌94反ハミ判突ぎさラを謄進展ねびむー判説ば棋9肉セモマ来53滅ヨ数柴クメイ現雪スワヒロ行未踊興刃尿かルびむ。7無く家囲総ろにとぜ暖夢れイぐを成務ヘエフロ西際健イせク応24稲んにおッ利政ょけど属玉ムフコス力整町ぶわゆ聞者ユルワ罰新エレハテ開端あれぴ。\n\n聞そめむは情策ワ民禁ふけと主引レラン二暮アルコ凸重確きぽら社19性フざさ申新厚て坂山もぼず飽治どは鹿番演丹庄そンほば。金レごれ除申ワシタヱ置均た省活ル靖菱ねほふと四野イ動仲再アホ商芸やじそ牡根ネカケ州力マメ道刊ソヲ体一オ町太カ三覧ヨ免般食東ク。推泳キオモ観稿じぴき保衆リー写63前1風ストふ悪夫ムヨワ弁進ムタ校武沿謝列岸概こ。\n\n芸セクムヒ発格と全30訪ネヌ聞正エヱ国聞告レラケ慮球モラヱヘ深新つりそが均共目名ワ己数うはだむ屋徳十ざゆ。入ヲテセト身法ぴかる味氏ホ右森就こへに動都ケヌモル日義ゃばラン政兵わおて愛野クほ宏純ホア参3性ま異程し立面むざ空務さ笛特業モ一73亭匠ぞぴゆ。喜タ国児負ど目更術ヲ最鮮せをま一湿以ト用型きぱぼ野選ヨル将平成ラ撃3火ぱイど。','洛伦·伊普瑟姆·多洛尔·西特·阿梅特，康塞克图尔·阿迪皮斯辛·埃利特，赛德·迪阿姆·诺纳米·尼布·埃维斯莫德·廷辛顿特·乌特·拉奥雷特·多洛尔·马格纳·阿利卡姆·埃拉特·沃尔普塔特。乌特·威西·艾尼姆·阿德·米尼姆·维尼亚姆，奎斯·诺斯特鲁德·埃克瑟西·塔提翁·乌拉姆科尔佩尔·苏斯皮特·洛博里蒂斯·尼斯尔·乌特·阿利奎普·艾克斯·艾娅·科莫多·康塞库阿特。杜伊斯·奥特姆·维尔·埃姆·伊里乌雷·多洛尔·因·亨德勒里特·因·乌尔普图阿特·维利特·埃塞·莫莱斯蒂埃·康塞库阿特，维尔·伊拉姆·多洛尔·艾尤·福盖特·努拉·法西利西斯·阿特·维罗·埃罗斯·埃特·阿库姆桑·埃特·尤斯托·奥迪奥·迪格尼西姆·奎·布兰迪特·普雷森特·卢普塔图姆·兹里尔·德莱尼特·奥古·杜伊斯·多洛尔·特·福盖特·努拉·法西利西。洛伦·伊普瑟姆·多洛尔·西特·阿梅特，康塞克图尔·阿迪皮斯辛·埃利特，赛德·迪阿姆·诺纳米·尼布·埃维斯莫德·廷辛顿特·乌特·拉奥雷特·多洛尔·马格纳·阿利卡姆·埃拉特·沃尔普塔特。乌特·威西·艾尼姆·阿德·米尼姆·维尼亚姆，奎斯·诺斯特鲁德·埃克瑟西·塔提翁·乌拉姆科尔佩尔·苏斯皮特·洛博里蒂斯·尼斯尔·乌特·阿利奎普·艾克斯·艾娅·科莫多·康塞库阿特。洛伦·伊普瑟姆·多洛尔·西特·阿梅特，康塞克图尔·阿迪皮斯辛·埃利特，赛德·迪阿姆·诺纳米·尼布·埃维斯莫德·廷辛顿特·乌特·拉奥雷特·多洛尔·马格纳·阿利卡姆·埃拉特·沃尔普塔特。乌特·威西·艾尼姆·阿德·米尼姆·维尼亚姆，奎斯','admin','2024-06-13 11:48:44','2024-06-13 11:48:44','YAYOIKEN HAMAMATSU STORE','YAYOIKEN HAMAMATSU STORE CONTENT','Budi','James Bond','4'),(56,'MARUDESANKAKU STORE','Fukushima','2024-06-01','Lorem ipsum dolor sit amet, consectetuer adipiscing elit, sed diam nonummy nibh euismod tincidunt ut laoreet dolore magna aliquam erat volutpat. Ut wisi enim ad minim veniam, quis nostrud exerci tation ullamcorper suscipit lobortis nisl ut aliquip ex ea commodo consequat. Duis autem vel eum iriure dolor in hendrerit in vulputate velit esse molestie consequat, vel illum dolore eu feugiat nulla facilisis at vero eros et accumsan et iusto odio dignissim qui blandit praesent luptatum zzril delenit augue duis dolore te feugait nulla facilisi. Lorem ipsum dolor sit amet, cons ectetuer adipiscing elit, sed diam nonummy nibh euismod tincidunt ut laoreet dolore magna aliquam erat volutpat. Ut wisi enim ad minim veniam, quis nostrud exerci tation ullamcorper suscipit lobortis nisl ut aliquip ex ea commodo consequat. Lorem ipsum dolor sit amet, consectetuer adipiscing elit, sed diam nonummy nibh euismod tincidunt ut laoreet dolore magna aliquam erat volutpat. Ut wisi enim ad minim veniam, quis','国コキ手成リヌサ藤設自ゃ意厚ノイヱサ変終ずはだば賀型ーぜみ察協ユ貧旅レすド援超らぜ隊求ソ頭情るぽ座不細堪いさば。用は読辞ーフラ担3周3江ヒヤネア調指キナ責障おてトち掲種メサ著節フラ著98提ヨルエタ必企ナルニ英9同やへっ報火違埋詰フら。実真化ぱたぎに殺著置ワア円縦れげ条百つトぶぐ写条トえは外割ウメマナ記問て予能一クツ立年もてむ政淳旅ケネ高時95雑済っ型領キスナメ覇雪ドレ。\n\n80目クナライ持集っげ理約4岡スンド戦取ばク彫載ぞしわゆ安北お史破論性ヨイヲカ日新リでえま著新急せを。能ユヱ万53報次とこえ囲示るだい下明メ野点論びごなぶ党諭ヱユサ総属らよどす臓宿ニウソサ功以わぐ活食イ紙紀はルいク旅僕滞硬いぎ。電夜オヒ事球げ戸待スでな属耗リこむげ効郎企ヘラ谷54近ア首大タ港厳挙カ全9辻しん松崩ヲナキア軍内チテミメ好優ヌ向後配早元さひく。\n\n全りがお逆少やっ員担葬ヒ渉号っド関新ロヌヘ東法むげゃ局民ワ県睾ヌフムテ垣追よゃつル料53広ドる白談首なクねだ。広望つひょで得転ごはばじ所面ノハセイ負着フ信庵なやきず員需ずほを月覚ツヘ載禁ニウレ称最ゃ意生カユ提決8技テヤ気韓的地再汚ぱ。断っれ掲月ヲ赤8際ふ岡記8発は家北ほ直聞カエ場世口ラきレほ作5派セ禁従モ応紙うめこ噌王チツ動同ルユイ政意ひそン。\n\n報ヱニス断円別払れ携国いょみ定指コトモ面航協フ雪覧もレせ証細ノヲ心空アユ強況リ覚個どぶ動手トマユ供参にあ除8受ずねらッ。行7伝済ほ部藤界候ぱかみま剛環たいな芸団れ開旭ぱ新解み注6早モヲ必34一イホ積合スフ今止ぐゃち介騰稿よゆト会供費経トとや。展オコ他統ヘロニ商視チ車根コ要陽ニヱ継暮野ケス八医せクげト抜神ケ田例し卓約スうょげ典2助転趣一う。\n\n構モ鉄談ヒ地箱マキラ悲彩マ大専とびぐ掲白ッ告表病せびは葬経ンむとけ成83困摘94場よほル向収でゃてけ作点く信紛誓靖げざる。経ばじ勝者ど毎6発博ラぱ客値木モヲ考沼テモ教阪や寄展ドらすま撃意ッぴゆ委帯導議ムユカ速撃リセエ問揮まかお闘朝冒どき。流ヘクヌキ国記ユオ求女ネ学指ぞえ予覚ヘトレ投界択アウ提巻リんぱく所初ラ落治ヤ年公直はねぽ本去いら募意盤逮つかスび。\n\n政シミ壊択ドけふ間出ク作刻セノ足図レキ剛理観分ヱウミヨ窃経そ全円ケ単校消しゆ味方国度ょべぐさ始払メ難題ふく謙場ノ医商乱帰ゅぜり。抑ぜご児56倫59方る軽法るだトば欺禁ヤコ電毎たざ出公百ざ任21禁ケハマエ政越以らむド告億ン。57前ツフ闘通犯エタロ区受話トム碁本ゃせ写異ゅず来術ぶま来事ユカ禁毎びル横終タユウ正賞ほきゆず勢山ナ市掲ぐるぞ祭置さきね。\n\n初ノモアカ謙球ラヱト言式天そ達6百ケヨ若因ろとド事芸勝ワヌエ要紀シエオス気績痛リモメヨ議89主ムヲ嫁内ン球面ひ。83計ちがぼ勢基エツクモ惑玲えばおで第回リりづぐ晴客に賞第ソフカ部射ニロヒ伸詳ぴく品原ぴ稿解32彰もへわづ頼次ワヒ重位年侑いおの。言ルカク重材協ら虫検トタレハ国中じや近土導拍おぐら地慮ちがけ精波雪ヱカノ落野あょざゃ区大5無のひ転剤ぱ及予エハ参輪なク成壌ぐこさト。\n\n陣ばドん様作影リ社候ヱヘワキ阪長が督政ツホヒオ楽囚成ミニ間道に円条芸せぴりト知事キヨ殺内がぜ。遺げてべル雑知ミムオサ融動で施造り男感ぴ歌94反ハミ判突ぎさラを謄進展ねびむー判説ば棋9肉セモマ来53滅ヨ数柴クメイ現雪スワヒロ行未踊興刃尿かルびむ。7無く家囲総ろにとぜ暖夢れイぐを成務ヘエフロ西際健イせク応24稲んにおッ利政ょけど属玉ムフコス力整町ぶわゆ聞者ユルワ罰新エレハテ開端あれぴ。\n\n聞そめむは情策ワ民禁ふけと主引レラン二暮アルコ凸重確きぽら社19性フざさ申新厚て坂山もぼず飽治どは鹿番演丹庄そンほば。金レごれ除申ワシタヱ置均た省活ル靖菱ねほふと四野イ動仲再アホ商芸やじそ牡根ネカケ州力マメ道刊ソヲ体一オ町太カ三覧ヨ免般食東ク。推泳キオモ観稿じぴき保衆リー写63前1風ストふ悪夫ムヨワ弁進ムタ校武沿謝列岸概こ。\n\n芸セクムヒ発格と全30訪ネヌ聞正エヱ国聞告レラケ慮球モラヱヘ深新つりそが均共目名ワ己数うはだむ屋徳十ざゆ。入ヲテセト身法ぴかる味氏ホ右森就こへに動都ケヌモル日義ゃばラン政兵わおて愛野クほ宏純ホア参3性ま異程し立面むざ空務さ笛特業モ一73亭匠ぞぴゆ。喜タ国児負ど目更術ヲ最鮮せをま一湿以ト用型きぱぼ野選ヨル将平成ラ撃3火ぱイど。','洛伦·伊普瑟姆·多洛尔·西特·阿梅特，康塞克图尔·阿迪皮斯辛·埃利特，赛德·迪阿姆·诺纳米·尼布·埃维斯莫德·廷辛顿特·乌特·拉奥雷特·多洛尔·马格纳·阿利卡姆·埃拉特·沃尔普塔特。乌特·威西·艾尼姆·阿德·米尼姆·维尼亚姆，奎斯·诺斯特鲁德·埃克瑟西·塔提翁·乌拉姆科尔佩尔·苏斯皮特·洛博里蒂斯·尼斯尔·乌特·阿利奎普·艾克斯·艾娅·科莫多·康塞库阿特。杜伊斯·奥特姆·维尔·埃姆·伊里乌雷·多洛尔·因·亨德勒里特·因·乌尔普图阿特·维利特·埃塞·莫莱斯蒂埃·康塞库阿特，维尔·伊拉姆·多洛尔·艾尤·福盖特·努拉·法西利西斯·阿特·维罗·埃罗斯·埃特·阿库姆桑·埃特·尤斯托·奥迪奥·迪格尼西姆·奎·布兰迪特·普雷森特·卢普塔图姆·兹里尔·德莱尼特·奥古·杜伊斯·多洛尔·特·福盖特·努拉·法西利西。洛伦·伊普瑟姆·多洛尔·西特·阿梅特，康塞克图尔·阿迪皮斯辛·埃利特，赛德·迪阿姆·诺纳米·尼布·埃维斯莫德·廷辛顿特·乌特·拉奥雷特·多洛尔·马格纳·阿利卡姆·埃拉特·沃尔普塔特。乌特·威西·艾尼姆·阿德·米尼姆·维尼亚姆，奎斯·诺斯特鲁德·埃克瑟西·塔提翁·乌拉姆科尔佩尔·苏斯皮特·洛博里蒂斯·尼斯尔·乌特·阿利奎普·艾克斯·艾娅·科莫多·康塞库阿特。洛伦·伊普瑟姆·多洛尔·西特·阿梅特，康塞克图尔·阿迪皮斯辛·埃利特，赛德·迪阿姆·诺纳米·尼布·埃维斯莫德·廷辛顿特·乌特·拉奥雷特·多洛尔·马格纳·阿利卡姆·埃拉特·沃尔普塔特。乌特·威西·艾尼姆·阿德·米尼姆·维尼亚姆，奎斯','admin','2024-06-13 11:50:32','2024-06-13 11:50:32','MARUDESANKAKU STORE','MARUDESANKAKU STORE CONTENT','Budi','Jane','4');
/*!40000 ALTER TABLE `galleries` ENABLE KEYS */;
UNLOCK TABLES;

--
-- Table structure for table `imagings`
--

DROP TABLE IF EXISTS `imagings`;
/*!40101 SET @saved_cs_client     = @@character_set_client */;
/*!50503 SET character_set_client = utf8mb4 */;
CREATE TABLE `imagings` (
  `id` bigint unsigned NOT NULL AUTO_INCREMENT,
  `GalleriesID` int NOT NULL,
  `Img` text CHARACTER SET utf8mb4 COLLATE utf8mb4_unicode_ci NOT NULL,
  `created_at` timestamp NULL DEFAULT NULL,
  `updated_at` timestamp NULL DEFAULT NULL,
  PRIMARY KEY (`id`)
) ENGINE=InnoDB AUTO_INCREMENT=44 DEFAULT CHARSET=utf8mb4 COLLATE=utf8mb4_unicode_ci;
/*!40101 SET character_set_client = @saved_cs_client */;

--
-- Dumping data for table `imagings`
--

LOCK TABLES `imagings` WRITE;
/*!40000 ALTER TABLE `imagings` DISABLE KEYS */;
INSERT INTO `imagings` VALUES (9,13,'[\"images\\/zovHdePVgiMBshAd6RNviR87OI0MUcYkRiNaQ4gO.jpg\",\"images\\/C7bR1hnseztPoQDOwvrWWL4URqm84bgS0zWufLPa.jpg\",\"images\\/kYTfCG2GUqXhz03A5IKV25k8kp2LfM6J1RJJHBjt.jpg\",\"images\\/QfCP0Bj5wVOBIF4ZzMOckzu2VgllpMcjGdIm9J5e.jpg\"]','2023-11-27 07:16:50','2023-11-27 07:16:50'),(10,14,'[\"images\\/7TG2Wj9SNcPG5LX5dzOdVvMofWVnBT9QkIJOyjjP.jpg\",\"images\\/o0kcbtbQE13rpTflqySewpvyykwGUApdElreLj76.jpg\"]','2023-11-27 07:19:30','2023-11-27 07:19:30'),(11,15,'[\"images\\/mZF57kvFndT3DDeTNAeNeHzpRUQQWdUECLTXKwLp.jpg\",\"images\\/T78rauYTVJoAb1tk29FHEu7HRXUNu5PYOedaGRPz.jpg\"]','2023-11-27 07:19:52','2023-11-27 07:19:52'),(13,16,'[\"images\\/yPMJnsucF7szFzyTHdmsTIFpXqqKKsdTJxeYDtIw.jpg\",\"images\\/ic1phNKiySigkZmpZh1CL0UCyDofRxev65gjhcGi.jpg\",\"images\\/CaU6duao97MSAJBXHNRfvkGtBWKmRgiQreB4G3WW.jpg\"]','2023-11-27 07:36:55','2023-11-27 07:36:55'),(32,38,'[\"images\\/hsnP6UHGc7Jd8dq43tHKandFFHcmh0UTCJCmh3o0.jpg\",\"images\\/dR0JsHX2O4918Covzc6JeOO9tiMzkGvCpLsObp5o.jpg\"]','2024-06-13 10:53:39','2024-06-13 10:53:39'),(33,39,'[\"images\\/xHL2KNbDMglSrNeppo2cDYM5r5bPh45mPiAN6oea.jpg\",\"images\\/LNfpTzWAWIgW0aRuOWFxs99tDqjwfXSrNujbIvgq.jpg\",\"images\\/jOfMb7A3I9sxs4Gw8ys3gi3OY5Xh6mEVcOwrH6FG.jpg\",\"images\\/Cm46aK0o0EUrjdma7A9PhFm3zwGy4hyzigqPSjJt.jpg\"]','2024-06-13 11:00:28','2024-06-13 11:00:28'),(34,40,'[\"images\\/PHJEbnfwTk7946MJtegP4N97Cq2OoSNbQSuW1P4z.jpg\",\"images\\/EZs8aiTMTTEaKDDHR49A7aqxGbdNqXDBg2CyBAD7.jpg\",\"images\\/Jg0EqNlDdRprbMygnsUtUHNRaq8JemjlKDP8aIxj.jpg\",\"images\\/UZrUsVXqc3NEoc9D2YxUhs632yx3fFTTlGa8A6uw.jpg\",\"images\\/wX19Kkb988GdiLAhKkXCGH7oekVcSt4jhmj4cbE2.jpg\",\"images\\/q3lqA1j5F6xlutEBgvFUI6YwMuHsV5D5d7j5V0eV.jpg\",\"images\\/ryJesbV9VBZETwdJjF4L5uQsEsjtrCBYoWjDz0rA.jpg\",\"images\\/ZK1zjgGICLki1DGY3udcmgvDHky9zDHrJnGcQLG4.jpg\",\"images\\/ny9sFuymD5R6F27VZXYVBzYQTNOVEFUm96ZMX9Ge.jpg\",\"images\\/AJqtDbPcjhFl96B4tWWTi2DzzXbBgPYgCnIUChHX.jpg\"]','2024-06-13 11:06:37','2024-06-13 11:06:37'),(35,41,'[\"images\\/PSzNWXuQ74GuclXvnv1tgrBVf9fd8bT2VEtvh6Ec.jpg\",\"images\\/X0OD0d5jA7T5j1bQpOg542mWlWZYpoiAIJWlD2Ms.jpg\",\"images\\/m1wt5NfI1MbJnxR1N0LISORfoqqBdzRE6lxRPtHL.jpg\",\"images\\/GN48LQDdwT9DE19gTpGof8w9GQgdptHOAxaIba1M.jpg\"]','2024-06-13 11:09:59','2024-06-13 11:09:59'),(36,42,'[\"images\\/ne8qGtSqBw8EoeJlhOKKoyD5hLUIO2kg2DaMiUBy.jpg\",\"images\\/xVSyzBRU8S6EqQKrSHMmfAqYVwfPRoAkgkVutoZy.jpg\",\"images\\/NiYoYJAFDlh3oo1qzDNFDedghZx3gIx6th0huibI.jpg\",\"images\\/JnOWGcy7RwbpQQ63dfJAFpfquWfAiykMPs3iyg40.jpg\"]','2024-06-13 11:12:30','2024-06-13 11:12:30'),(38,45,'[\"images\\/Jcr3fVXoaaRqNCIfDHPzhTYoeMfOkHdwoKzwpqeQ.png\",\"images\\/2khWexqCnHSexmVMiHTeXTDh1AXtw9TSvExr5ZAw.jpg\"]','2024-06-13 11:26:17','2024-06-13 11:26:17'),(39,50,'[\"images\\/W4OR719FgeBgs2FO178Qtx9p7NpiKbzXPtYrPfMl.jpg\",\"images\\/IOi1wsrBN5T9yaPaInDAxd8IhmpsBm0efLD3BTUl.jpg\",\"images\\/lLKTfpij3jxTygE8a3dIxfjNqqT5KYr9aA7Sw3LE.jpg\",\"images\\/j84yFPwcmamz0EAR9Ah7YYjtusRvdK0BCqzLDRXD.jpg\"]','2024-06-13 11:35:10','2024-06-13 11:35:10'),(40,53,'[\"images\\/FSCrbNuIyPIXwhbztrIPcVh6FPe69tibFEu5kAUC.jpg\",\"images\\/01ZiXOk2mgo0Dng6bzrYieikSY3ueqJQlPTBtKB7.jpg\",\"images\\/36JiWaZsDCBbmN8tYFyaKqH0FxaOGd4VjiNCVepl.jpg\",\"images\\/qg9iAFjbvyxSHLcUJMhHhxtkJYdHAZM3EJnOD9jw.jpg\"]','2024-06-13 11:45:41','2024-06-13 11:45:41'),(41,54,'[\"images\\/NRsnJ6jX47ue1sCV7vAnzLGbZiWmd0YhdS4tDEyU.jpg\",\"images\\/YIgx3ikLxicU5QiHUeCYbCC9OvqRo6jsckhqXpPc.jpg\",\"images\\/tkgKgUGS6e2AG2bV05f6RclF8ZXlN1j27r9vwVgw.jpg\"]','2024-06-13 11:47:20','2024-06-13 11:47:20'),(42,55,'[\"images\\/Tn9kuGkgf1Ilsr6iAmq2D7uhnlRAIl4svPCQXljD.png\",\"images\\/YmcvtNtTEWoTXdPUHH2O5RNsnnXLSmaO7sQY0UlF.jpg\",\"images\\/JW275AlViSMgCHyj6mcUFPZUfpwEabM1kWQFWOQp.jpg\",\"images\\/QkLc0czHvyc9nexOG9qQhJ5UXaEqWHWaJp4HHmtD.jpg\",\"images\\/mGCD0e6zDgbsSlFcpsmDWWbiSbXF4PsC0EAYhQ4P.jpg\"]','2024-06-13 11:48:49','2024-06-13 11:48:49'),(43,56,'[\"images\\/skgPPIxQTIqCOreX7y0PfBIza3QTkE5UMgHoC9Fp.png\",\"images\\/8k5xfdKuTRZl49Fihewa7Mz3ygFviWmsn34Wvt6g.png\",\"images\\/sWk4BobGaNV8EEsCPPAQcTkhjjF6qu87Z1XXLEk7.jpg\",\"images\\/znMX8o93LbOxIXmSMKRAkykfucGyAVhsU2T93LsO.jpg\"]','2024-06-13 11:50:41','2024-06-13 11:50:41');
/*!40000 ALTER TABLE `imagings` ENABLE KEYS */;
UNLOCK TABLES;

--
-- Table structure for table `migrations`
--

DROP TABLE IF EXISTS `migrations`;
/*!40101 SET @saved_cs_client     = @@character_set_client */;
/*!50503 SET character_set_client = utf8mb4 */;
CREATE TABLE `migrations` (
  `id` int unsigned NOT NULL AUTO_INCREMENT,
  `migration` varchar(255) CHARACTER SET utf8mb4 COLLATE utf8mb4_unicode_ci NOT NULL,
  `batch` int NOT NULL,
  PRIMARY KEY (`id`)
) ENGINE=InnoDB AUTO_INCREMENT=17 DEFAULT CHARSET=utf8mb4 COLLATE=utf8mb4_unicode_ci;
/*!40101 SET character_set_client = @saved_cs_client */;

--
-- Dumping data for table `migrations`
--

LOCK TABLES `migrations` WRITE;
/*!40000 ALTER TABLE `migrations` DISABLE KEYS */;
INSERT INTO `migrations` VALUES (1,'2014_10_12_000000_create_users_table',1),(2,'2014_10_12_100000_create_password_resets_table',1),(3,'2019_08_19_000000_create_failed_jobs_table',1),(4,'2019_12_14_000001_create_personal_access_tokens_table',1),(5,'2023_11_19_072555_create_galleries_table',2),(6,'2023_11_19_154335_alter_galleries_table_remove_images_column',3),(8,'2023_11_27_040044_create_imagings_table',4),(9,'2023_12_07_143004_update_galleries_table',5),(15,'2023_12_09_090329_update_galleries_table_adding_tag',6),(16,'2023_12_09_144055_create_tags_table',6);
/*!40000 ALTER TABLE `migrations` ENABLE KEYS */;
UNLOCK TABLES;

--
-- Table structure for table `password_resets`
--

DROP TABLE IF EXISTS `password_resets`;
/*!40101 SET @saved_cs_client     = @@character_set_client */;
/*!50503 SET character_set_client = utf8mb4 */;
CREATE TABLE `password_resets` (
  `email` varchar(255) CHARACTER SET utf8mb4 COLLATE utf8mb4_unicode_ci NOT NULL,
  `token` varchar(255) CHARACTER SET utf8mb4 COLLATE utf8mb4_unicode_ci NOT NULL,
  `created_at` timestamp NULL DEFAULT NULL,
  PRIMARY KEY (`email`)
) ENGINE=InnoDB DEFAULT CHARSET=utf8mb4 COLLATE=utf8mb4_unicode_ci;
/*!40101 SET character_set_client = @saved_cs_client */;

--
-- Dumping data for table `password_resets`
--

LOCK TABLES `password_resets` WRITE;
/*!40000 ALTER TABLE `password_resets` DISABLE KEYS */;
/*!40000 ALTER TABLE `password_resets` ENABLE KEYS */;
UNLOCK TABLES;

--
-- Table structure for table `personal_access_tokens`
--

DROP TABLE IF EXISTS `personal_access_tokens`;
/*!40101 SET @saved_cs_client     = @@character_set_client */;
/*!50503 SET character_set_client = utf8mb4 */;
CREATE TABLE `personal_access_tokens` (
  `id` bigint unsigned NOT NULL AUTO_INCREMENT,
  `tokenable_type` varchar(255) CHARACTER SET utf8mb4 COLLATE utf8mb4_unicode_ci NOT NULL,
  `tokenable_id` bigint unsigned NOT NULL,
  `name` varchar(255) CHARACTER SET utf8mb4 COLLATE utf8mb4_unicode_ci NOT NULL,
  `token` varchar(64) CHARACTER SET utf8mb4 COLLATE utf8mb4_unicode_ci NOT NULL,
  `abilities` text CHARACTER SET utf8mb4 COLLATE utf8mb4_unicode_ci,
  `last_used_at` timestamp NULL DEFAULT NULL,
  `expires_at` timestamp NULL DEFAULT NULL,
  `created_at` timestamp NULL DEFAULT NULL,
  `updated_at` timestamp NULL DEFAULT NULL,
  PRIMARY KEY (`id`),
  UNIQUE KEY `personal_access_tokens_token_unique` (`token`),
  KEY `personal_access_tokens_tokenable_type_tokenable_id_index` (`tokenable_type`,`tokenable_id`)
) ENGINE=InnoDB DEFAULT CHARSET=utf8mb4 COLLATE=utf8mb4_unicode_ci;
/*!40101 SET character_set_client = @saved_cs_client */;

--
-- Dumping data for table `personal_access_tokens`
--

LOCK TABLES `personal_access_tokens` WRITE;
/*!40000 ALTER TABLE `personal_access_tokens` DISABLE KEYS */;
/*!40000 ALTER TABLE `personal_access_tokens` ENABLE KEYS */;
UNLOCK TABLES;

--
-- Table structure for table `tags`
--

DROP TABLE IF EXISTS `tags`;
/*!40101 SET @saved_cs_client     = @@character_set_client */;
/*!50503 SET character_set_client = utf8mb4 */;
CREATE TABLE `tags` (
  `id` bigint unsigned NOT NULL AUTO_INCREMENT,
  `TagsName` varchar(100) CHARACTER SET utf8mb4 COLLATE utf8mb4_unicode_ci NOT NULL,
  `ShortTags` varchar(100) CHARACTER SET utf8mb4 COLLATE utf8mb4_unicode_ci NOT NULL,
  `TagsNameJp` varchar(100) CHARACTER SET utf8mb4 COLLATE utf8mb4_unicode_ci NOT NULL,
  `TagsNameCh` varchar(100) CHARACTER SET utf8mb4 COLLATE utf8mb4_unicode_ci NOT NULL,
  `created_at` timestamp NULL DEFAULT NULL,
  `updated_at` timestamp NULL DEFAULT NULL,
  PRIMARY KEY (`id`)
) ENGINE=InnoDB AUTO_INCREMENT=5 DEFAULT CHARSET=utf8mb4 COLLATE=utf8mb4_unicode_ci;
/*!40101 SET character_set_client = @saved_cs_client */;

--
-- Dumping data for table `tags`
--

LOCK TABLES `tags` WRITE;
/*!40000 ALTER TABLE `tags` DISABLE KEYS */;
INSERT INTO `tags` VALUES (1,'Stored Design','#stored_design','店舗デザイン','儲存設計','2023-12-10 02:33:30','2024-03-12 09:57:06'),(2,'Graphic Design','#graphic_design','グラフィックデザイン','平面設計','2023-12-10 02:40:24','2024-03-12 09:56:45'),(4,'Other','#other','その他','其他','2023-12-24 09:29:26','2024-03-12 09:56:25');
/*!40000 ALTER TABLE `tags` ENABLE KEYS */;
UNLOCK TABLES;

--
-- Table structure for table `users`
--

DROP TABLE IF EXISTS `users`;
/*!40101 SET @saved_cs_client     = @@character_set_client */;
/*!50503 SET character_set_client = utf8mb4 */;
CREATE TABLE `users` (
  `id` bigint unsigned NOT NULL AUTO_INCREMENT,
  `name` varchar(255) CHARACTER SET utf8mb4 COLLATE utf8mb4_unicode_ci NOT NULL,
  `email` varchar(255) CHARACTER SET utf8mb4 COLLATE utf8mb4_unicode_ci NOT NULL,
  `email_verified_at` timestamp NULL DEFAULT NULL,
  `password` varchar(255) CHARACTER SET utf8mb4 COLLATE utf8mb4_unicode_ci NOT NULL,
  `remember_token` varchar(100) CHARACTER SET utf8mb4 COLLATE utf8mb4_unicode_ci DEFAULT NULL,
  `created_at` timestamp NULL DEFAULT NULL,
  `updated_at` timestamp NULL DEFAULT NULL,
  PRIMARY KEY (`id`),
  UNIQUE KEY `users_email_unique` (`email`)
) ENGINE=InnoDB AUTO_INCREMENT=5 DEFAULT CHARSET=utf8mb4 COLLATE=utf8mb4_unicode_ci;
/*!40101 SET character_set_client = @saved_cs_client */;

--
-- Dumping data for table `users`
--

LOCK TABLES `users` WRITE;
/*!40000 ALTER TABLE `users` DISABLE KEYS */;
INSERT INTO `users` VALUES (2,'admin','admin@olldesign.jp',NULL,'$2y$10$Ir.iUJU1T1bVDNKiC9kXV.mVzei5LC1WvvZhXrXR9h4LZ641PcDVC',NULL,'2023-10-21 10:23:21','2023-10-21 10:23:21'),(3,'Admin','nunorifa@olldesign.jp',NULL,'$2y$10$rWfghY19vTU1NkfBMTA9ceQz3XitCSYhmDw8SyJtZJOkCq/cDE/E.',NULL,'2023-10-29 07:02:25','2023-10-29 07:02:25');
/*!40000 ALTER TABLE `users` ENABLE KEYS */;
UNLOCK TABLES;
/*!40103 SET TIME_ZONE=@OLD_TIME_ZONE */;

/*!40101 SET SQL_MODE=@OLD_SQL_MODE */;
/*!40014 SET FOREIGN_KEY_CHECKS=@OLD_FOREIGN_KEY_CHECKS */;
/*!40014 SET UNIQUE_CHECKS=@OLD_UNIQUE_CHECKS */;
/*!40101 SET CHARACTER_SET_CLIENT=@OLD_CHARACTER_SET_CLIENT */;
/*!40101 SET CHARACTER_SET_RESULTS=@OLD_CHARACTER_SET_RESULTS */;
/*!40101 SET COLLATION_CONNECTION=@OLD_COLLATION_CONNECTION */;
/*!40111 SET SQL_NOTES=@OLD_SQL_NOTES */;

-- Dump completed on 2024-06-14  7:51:09
